mode,GUID,macro_f1
season,0038122E-08A2-4C4E-9495-B56A95BF24F5,0.0
season,004511DD-7CF3-4A53-9E70-18B3D55C6E93,1.0
season,004E3811-FDA6-4853-ABDB-3E7629C3F93B,0.4
season,005F1F32-EACF-4790-90D6-A0D4B71F72CB,0.0
season,009033FE-63A0-4188-B870-8402275A6809,1.0
season,0096D17B-69AB-4102-AB37-2449D6BB05AD,1.0
season,00A3271B-9968-438A-9516-75B8A2B6C538,0.42857142857142855
season,00D85CA5-7E92-4984-BA49-11C7617D1D33,1.0
season,011EDD33-4E9F-47CC-AF5B-3A19F643B9FC,1.0
season,011FFC65-548F-41D6-8747-640D917F7301,0.0
season,01322DC0-84CB-4FDB-9559-EC70BC81E95C,1.0
season,013BBA9E-09A7-4549-AA20-A1C891D9F922,0.0
season,013EB010-17C2-459A-A9C3-9CB066136D75,0.8
season,01527035-7486-43E8-A868-7B073E7D5BDE,0.0
season,015F32B1-7DBC-47EA-8287-3D999FB9E463,0.0
season,016271CF-CA54-49F5-82CE-8AAB1EC534F5,1.0
season,0182C76E-C4EB-4C98-B231-7B2E3D1C80B2,0.0
season,019C08F5-FF09-41C3-8BE6-2D226007226F,1.0
season,019FFBFC-CDCE-45AB-80B1-9C9F68AABEA1,1.0
season,01AD5605-9B38-415C-AAE2-01B20C994C86,1.0
season,01F81EA6-56AE-476B-8054-CFBBAFC852A7,0.0
season,0202D1CC-0D76-4903-875E-2B0A8F6319EB,1.0
season,0220C475-5DD1-468E-95B9-48C65A30FD59,0.0
season,0234DF91-C1F2-4133-BD55-5B3E37095574,1.0
season,025A50D9-247A-4AF1-A1AA-81EB5EA1D4FC,1.0
season,0263F524-2710-4CF5-BC84-811D99C08D1A,1.0
season,027C1896-B8DD-41BD-B93B-B4272A8D4804,1.0
season,028A9AF9-31DA-49D7-81B2-3E2D2677FBE2,0.0
season,02AC1CD8-067A-4F2F-AE1B-546445C489AD,1.0
season,02B1CDFF-53D5-4DA1-A175-3F6CEC33E1CD,1.0
season,03088B77-9B29-4D72-B0C7-4FE5182AC68A,1.0
season,030B8B4D-CB9D-4F53-8ED0-6B4CBCA19E2F,1.0
season,03194498-6E16-4581-A22C-CCA3DC5D0AEA,1.0
season,03299EBC-FF9E-413F-9C53-C9B7A36496E4,1.0
season,036A4776-C38A-4032-8442-AEA290821769,0.0
season,0449B8AA-018F-41BE-B916-352A72AE9E8C,1.0
season,046C8783-F21E-46C3-8463-A64BFDED6CC2,1.0
season,0478CA8B-FA5D-4A4B-A101-3C539ADDE33B,0.0
season,04B95CD2-9D19-4772-8893-4A1DE19929A0,1.0
season,053DFB98-2DE5-4120-A684-745F9E580A18,1.0
season,0561F7B4-6294-436E-B2EF-FF649317E8F5,0.3333333333333333
season,05774107-5746-4D76-B407-AD66A4B84840,0.0
season,059DF392-4069-4FF2-B2ED-D681F7C758DA,0.0
season,05B7904B-EC6D-482A-91D4-A2964F7F0594,1.0
season,05F407F8-2261-409B-8C73-96AD13E62E75,0.2857142857142857
season,0608A733-3E03-4334-BBD6-949D5BA2F72E,1.0
season,063A5B24-E383-4920-B1EF-6D3FE4FFC7B1,0.0
season,065811C9-AEDB-4819-ABF9-9BCBE4951EAC,1.0
season,06AE3019-BFE2-4933-82FE-3E80DAD72634,0.3333333333333333
season,06BF8836-F342-408C-A4B0-1637529382FC,1.0
season,06CD92DE-56DA-4C83-A9DD-B3A0A408ADA1,1.0
season,074F1E6D-0108-42AF-B016-2A9061EF8DCF,0.0
season,079A5834-C4B0-440B-A05B-14E16D447333,1.0
season,079B98CF-CDDE-4861-B61C-6C11EB5ACE41,0.4166666666666667
season,079D6A34-C26D-4EAA-8583-5EE888843DDA,1.0
season,07D93292-9388-4D9F-9987-E47DDA3DC43A,1.0
season,07FBBE69-8E21-4706-9FE4-685FB4B0BE2F,0.0
season,08189880-D3C2-47B3-90A1-367F952B5C79,1.0
season,081CB48A-80FA-4D06-871A-DD81EE5F36D5,0.3333333333333333
season,0835DED3-1499-4C43-9341-90F3B277E0EA,1.0
season,0840B6A3-D2FA-4FC1-9966-2A62727D0D47,1.0
season,0844E6EF-8155-40B5-B135-9EFBE2119206,0.0
season,085C9E60-6EF4-4A04-9502-8DEB1CF701C1,1.0
season,087A8C4A-9E5F-48EE-96AF-F363AF302ED4,1.0
season,088D978D-91F5-4362-8587-8F02047594B8,1.0
season,0890B242-A735-4C08-B912-FA5158DD79F8,1.0
season,089E720B-C647-45EF-8CA0-A3E67A3849B5,1.0
season,089FFB3A-8221-4CBE-A6D4-5CF64C644F88,1.0
season,08A4B38F-016A-408A-B4EB-32D09E21EBBF,1.0
season,08AC906B-4BAB-42F1-BEAF-B814D55DD3E1,1.0
season,08AFDE2F-1184-4B8E-9910-9BC98CCA0AC9,0.42857142857142855
season,08C231F6-12F4-43D7-BB34-7930979191C8,0.3333333333333333
season,08F2609C-E9C5-4036-B189-C9F13B79C235,1.0
season,0900E951-0344-4E01-8D45-B19822344455,1.0
season,0925D791-7325-4BF5-8238-6F08481F960B,0.0
season,092CAF59-D43B-4DE3-B6F1-1487BEC90121,0.0
season,09619E8D-9C82-46B6-9DFD-D4A6EF614B80,1.0
season,0965F441-3796-4112-9CB8-DB9170DC19D8,1.0
season,096F4FA2-D13C-4CF2-B7E0-71345EC99D19,0.0
season,0980876E-D47F-4ED9-AFD2-38E3B2572A09,0.25
season,0999C231-3E03-4126-BAAC-3C4DCCE98507,1.0
season,09CE5A15-4998-4204-9747-8D035A8E9392,0.0
season,09DB2504-28BA-4859-8805-89B0CCCBE53F,1.0
season,09DD0371-1F4A-415F-9A5E-444CE2E7814A,1.0
season,09E4E3DC-2898-4C18-92BE-531261C1A3C4,0.0
season,09EFAB99-EE43-4E91-9158-ADF02320D02D,0.0
season,0A1EB215-6171-4CEB-B2CD-16F82AB47325,0.0
season,0A20D2BE-7BF3-49C1-9043-B0B3D83A5D6C,1.0
season,0A51B69D-8F6B-49B1-B7ED-E9D10047F01E,0.0
season,0AAEC4CC-5A23-4169-8A04-213F7A611DC4,1.0
season,0AE9D3D1-64AA-4E7B-98C1-EC71D6EABD41,0.16666666666666666
season,0B340A2F-ABFA-4E9A-BEE9-6A330BD6907D,0.16666666666666666
season,0B47645F-6459-4DFE-A336-A6F31E7B1C52,0.3333333333333333
season,0B59F382-2DFA-481D-997F-A8332EF20C0E,0.0
season,0BA9CD05-508E-4AE7-A0D2-9CA78F72876B,1.0
season,0BB29903-765F-481B-8E32-5E61135A0114,0.0
season,0BB5D7F7-3698-4F8C-B77C-7965FA4B6920,1.0
season,0BBEA635-8733-4854-A1B6-B7D31C012E67,1.0
season,0BC646E4-0050-4989-AEE8-A4A4AE1D1ADA,0.7878787878787878
season,0BCF66FD-6510-4AD6-B416-88CDF9FCF077,1.0
season,0BF67694-49C1-4C23-B0AB-A2113CBDE5E0,0.0
season,0C17810B-A691-4DDB-B28A-5E1575A1CD17,0.0
season,0C2F2509-154C-4087-A658-B91EDD96B415,1.0
season,0C337C89-343F-43F6-AD73-6578F10E3BAA,0.35714285714285715
season,0C37AA33-030A-4EC6-8559-B0571E1CB326,0.0
season,0C3A47BB-019B-453A-BC10-E6E5DB71298E,0.0
season,0C42404D-C700-4FA1-BA23-7F487C76BD57,0.0
season,0C45A12A-5C1F-4FF7-895D-139600B356E4,1.0
season,0C4696BC-5ABB-49CF-B219-66C3F79FF9BE,0.16666666666666666
season,0C5DC8A0-AE49-44E7-80AA-937B879212DD,0.0
season,0C86DD42-069C-47E7-8C73-6686DE73DE8A,1.0
season,0C998F0F-5B52-4C26-B014-5B904696AE93,0.0
season,0CA1EBC5-A4E3-4960-85EB-C1C6E0178215,1.0
season,0CB966FD-52D7-45A5-ACE9-2CEFA56BADB4,1.0
season,0CC1CAC5-A2AF-4DC6-8538-AF992C3FED26,0.4857142857142857
season,0CDA6685-80F6-495E-AFAC-40F1D9EC7256,1.0
season,0D16AF15-DF34-45B6-9005-BEBEA68F1DAB,1.0
season,0D2C807E-6B5B-42F0-8E28-D516B3AFBAD4,0.0
season,0D4A33E5-FE33-43EB-B720-7ACB864F56CE,0.0
season,0D5FDBCF-0BFF-4535-A035-91DA551CD473,1.0
season,0D68A152-585B-485B-AF35-117CABE92FED,0.0
season,0D8A4EDB-471C-427C-80BD-88CA648B970A,1.0
season,0D8B9385-8B32-42E7-9473-3E373558057F,1.0
season,0DC192FF-6EAE-444A-A611-2A15C40D3C81,0.4
season,0DDE802F-8CEE-4F45-A46F-E02D6881DE34,1.0
season,0DF64849-3F37-457B-936E-44026A2B8592,1.0
season,0E320909-AD6D-4A4C-9173-52AB32FE01F7,1.0
season,0E7298C9-F090-430B-B58D-E9663DE999FF,0.4
season,0ECD98D7-5A9F-45B0-BDDB-249D0C7FE00C,1.0
season,0F05A007-C8E4-4827-99CD-4698815E45F1,1.0
season,0F1D5018-1B7E-4420-8EE5-1EA950FBA8CB,1.0
season,0F301CC0-9B95-4DB6-8E87-3D328F401287,1.0
season,0F313035-87AC-4CF3-B290-A334B9A166B8,1.0
season,0F3768BC-706B-47E2-99C0-F86B56544A64,0.4
season,0F5A924C-D040-4B09-87B6-49B1F0F11CC1,1.0
season,0F70C909-665C-4A33-A824-6AEACF4D5B12,0.42857142857142855
season,0F88F044-8403-4305-A782-B7B361CA20CC,1.0
season,0F93F1BB-2D25-4594-A047-590576443A02,0.0
season,0F9425C4-EB5E-4139-8B03-5CE604DEBFF8,1.0
season,0FA3A879-29D9-4F40-8262-3E24A4313A55,0.0
season,0FB8F437-55B2-42CD-997E-0AEE24A931C0,1.0
season,0FE06278-B8B3-47C2-9435-AD0D2EEE83CE,0.3333333333333333
season,0FF8913D-A2A5-464E-94D4-5C6F29D1082F,1.0
season,10042D37-6080-4D59-AC7E-CEC511847896,0.3333333333333333
season,1023E4B9-F123-4FB9-8ACA-1D5F5AD7F425,0.0
season,1045E925-3AC2-4CD7-8728-4F7343C24908,1.0
season,104A0708-67DA-4C81-B12C-A06D7FBD3553,0.0
season,106E9241-D11A-4221-B815-7FAF9F7F33A4,0.0
season,1071B586-BA0A-4898-94A9-472725FA0967,1.0
season,10CE9B0C-C6FA-4FA4-95FF-78629300FB5C,0.0
season,11115C3A-C974-45A2-8F7A-01991D2927F6,0.3333333333333333
season,111A640C-1E3C-488B-A376-F14181C250C5,1.0
season,11499A01-6AAF-4DD9-ABAA-B6F1AD120DE0,0.3333333333333333
season,11521590-C8A5-4D12-A928-686C545EBDDC,1.0
season,119A47CE-864B-4935-86A0-70BD595233FB,1.0
season,11B0C89B-DD23-4A04-B91F-B14D7934605C,1.0
season,11B6144D-AFA9-4D61-8B74-AFC4820332D2,0.0
season,11C064F3-75B4-4A8B-83D2-395A5E2D648D,1.0
season,11C3D907-0711-4DC8-9281-41319BE11551,0.0
season,11C4C4F1-8E6E-49C8-8248-F1905DFE92B7,1.0
season,11C51989-3DBB-46BA-9985-291340FDB1D1,1.0
season,11EDE2A4-6470-487B-8843-629EF904131B,0.3333333333333333
season,11F0AB02-31D2-4889-8605-BFB3B8951E14,1.0
season,12014787-7C41-4E4B-A3AF-A88C555D44A7,1.0
season,12452D56-D0C9-4CEF-9DF5-CEAABB4FF9B5,1.0
season,124CC6AC-038F-4E81-9A81-6C59554C7884,1.0
season,12AEBE1E-521E-44D7-B3DD-18E62DA3DEA3,0.47058823529411764
season,12B5BEEA-C697-4DFF-873E-12CBA4F8DF60,1.0
season,12FB11C2-3730-4E02-B235-40FBEB50496E,1.0
season,1300B4C0-FF4D-4EDC-B3BF-858B6FBEE123,1.0
season,130B925E-2C4B-43C5-9DC3-3627EA5F0359,1.0
season,13280DA9-C44F-4512-9346-C17A3E4AEB30,1.0
season,1357D5CB-294D-4B60-AC65-749D522AEBC8,1.0
season,13925EE0-012D-4DA3-A35E-B6577F3CE8ED,1.0
season,13C089F9-92DF-4429-AE08-A0C0689D726D,0.0
season,13C9B9F3-CAC0-4BF7-B488-E0CF7D068323,1.0
season,13E1C7CF-6C27-4884-AB3E-8124E436EFE8,1.0
season,14337CA2-D7B3-4A53-888B-142DB099C8B0,1.0
season,1460AE6B-C3CE-48D7-B628-1D3B66708DF5,1.0
season,14B4E124-4FD8-403D-AF57-A68C4B03C7C2,1.0
season,14B57D5C-1819-48CC-BBF7-CFD8457E31E4,1.0
season,14E0BAB9-FD43-4657-8300-7B7FC592A9ED,0.0
season,1501852F-3A87-48F6-8BD0-BE0E47D5B33A,1.0
season,150A6BAF-64F6-4D1B-9027-B38B5A931EE8,1.0
season,150BBF0F-E1AC-4A95-A639-A39420C04270,0.2857142857142857
season,15154084-3ADA-42E2-A808-3FD66B90CFAA,0.6666666666666666
season,1567DD9A-19F7-4F2B-AA13-3E5CF83843C7,0.0
season,156F0EEF-47B0-47D2-82FC-D356FBED0B3B,1.0
season,15A39C7A-B5EB-405B-AC76-4D7DBC453FB9,1.0
season,15D0AF89-3B9B-486C-BFBC-BD58DA123F18,1.0
season,1650C5CB-6D1A-4575-8E11-134FB19B5E23,0.4
season,167A9DFA-024E-4771-A234-A67DFE688912,1.0
season,16B52DAC-5CD3-45C5-8590-16C5C49297DB,1.0
season,16CCA0F4-BC83-45F1-A153-B20FA4C8D26F,1.0
season,16D03D35-1348-4C09-BA72-CF78EA464E81,1.0
season,16DBA5B7-9273-4F75-A655-5723F005BE78,1.0
season,16DDF087-29EC-433C-A4B6-87A2C3A29B83,0.0
season,16EB0FC7-70EE-4142-A3EE-72024EAF2107,1.0
season,17266968-B194-447C-BCC6-9AC4FB19EA90,0.3333333333333333
season,172D1828-D7A9-4B44-BB03-CB6594887B83,1.0
season,1755634A-B5A2-46AE-BD23-9AF4F53A97F6,1.0
season,1774E55F-D45B-4B1B-A63A-D41921033971,1.0
season,178D9862-0BF6-44FF-8542-FAD7A564D737,1.0
season,1792035A-0109-4235-A464-E76D384BD57C,1.0
season,17FEC1AF-BF23-41DF-B333-53AB30B4E579,1.0
season,181A22A1-3507-4283-AA79-3CE68BB1FD49,1.0
season,181CEEFF-480B-4811-A6EC-EADC0303A528,1.0
season,18271084-87FE-44EA-A626-E17937AC2674,0.25
season,182788B5-851B-4426-B11E-BB7FD6E13FEB,0.5833333333333333
season,18443214-35F5-4CD4-A008-B3FFB5D667FA,0.0
season,18497ECE-9253-4D76-9EA8-164A5BEAEE49,1.0
season,18498AB8-D2C7-412E-8184-2A07D88C8533,0.0
season,1868F30D-C4D7-43F1-BB98-B8A41940EDCD,0.2222222222222222
season,187D81CD-C94C-4B50-AF23-8224D3B1FEA6,0.0
season,18993319-D663-4796-A31A-195264833E10,0.0
season,18A0971F-D628-4F6A-A80C-E29D35FB8E97,0.3333333333333333
season,18B1698C-0B1C-4860-A386-E66E7BDF8BF2,0.375
season,18DA56C6-963D-44B5-B530-A84B729AF026,0.0
season,18DC6172-CBE1-4084-A8E7-7E3AD2992268,1.0
season,18F59D87-5A7C-4C55-9850-300A3AB3E679,1.0
season,18F7A861-303C-4518-AFB5-CB507C1D24D0,1.0
season,19607B40-2B88-43BB-B7BB-CBD91DC57474,0.0
season,196464F7-CA52-4623-BA0C-49D45E6383C0,1.0
season,196D34B2-CA0E-4686-828C-846C77502542,1.0
season,197298A5-F881-4954-9BAE-1E3049FB6F48,0.0
season,19800A6A-6E6F-492F-8C62-6B290FAA6ED5,0.0
season,198F8556-8227-4518-85C1-E4312EA26AC5,0.19047619047619047
season,1994CF35-68C1-43B6-A6D0-A561DD82F110,1.0
season,1999C568-14C0-4A5B-AA40-B7A458672D0C,0.0
season,19D97B34-6F55-4EF9-9EEF-AFA834136E0C,0.0
season,19F55F6F-54ED-4123-8699-C9764B25AA03,1.0
season,19F8E049-098A-4D23-9082-FFFF5BB9CE98,1.0
season,19FB1F0A-A10C-4214-97D9-86390369467F,1.0
season,1A169771-D450-419A-BF63-4ED6D6737081,1.0
season,1A2C0227-3A1D-4074-B3C6-E9752D8A7EB1,1.0
season,1AA3D50D-13CB-43C9-A90B-DE0C35044FF8,1.0
season,1AC3D38F-9DFA-4C2F-B9C1-8A5445BC0D50,0.3333333333333333
season,1AC50887-45EB-4654-B7A5-4532A8B52ECF,1.0
season,1ADACDCD-0C65-4315-BA5F-06556A82458B,0.0
season,1B02C378-88AA-4570-831B-0B2042C8B222,0.0
season,1B0F1EB3-996C-44CB-A1E2-D4B9F54B85DA,1.0
season,1B0FAEFA-4E8A-47B3-880E-7747FB1537DB,0.0
season,1B2C6E2B-EC57-48FA-9A05-308B24321D16,1.0
season,1B35549A-7418-4604-A756-7508CFFCF9F8,1.0
season,1B515FC5-2B03-406B-89B5-97557074BE53,0.0
season,1B7D03B7-DEBE-44B0-A467-514B07013CF0,1.0
season,1BA0CD19-0CE1-4556-8F2F-0F6ABCE4264F,1.0
season,1BDF0EA0-7ACD-4873-B346-FCC5681DB3A7,0.3333333333333333
season,1C0C455E-7E80-45C3-A6DF-23936C3D9B21,0.4
season,1C91781A-1BC3-42A3-9B77-5D6864BB0879,0.0
season,1C94CBC4-8669-42CD-86D1-C3E55FA9A6C9,1.0
season,1CAA8381-97D8-48A6-8BC5-B5A28FBF190A,1.0
season,1D482D08-36A4-424E-92EB-39530661118D,0.0
season,1D6A1AFB-7300-464F-8585-76ADD5830BBA,1.0
season,1D89B225-C3E2-4895-9580-AC68F47C28D9,1.0
season,1D97D764-76AB-471C-904C-7EB4156F3A66,1.0
season,1DA777CA-D690-4F75-9DE7-F7ECCFC92501,0.3333333333333333
season,1DB03C25-943C-4E80-9773-37BF5D2C3F96,1.0
season,1DD57006-1C89-4D4E-AEC9-A2E742A8D2A2,1.0
season,1DF381B0-A199-4027-A0C6-DE0BA7099197,1.0
season,1E059D83-F247-4059-9818-7BE9F701DAF0,1.0
season,1E3C77FE-97DA-4C44-8DE7-C2BB75751D4A,0.0
season,1E423769-5F91-4F7B-B961-9502277154CE,0.0
season,1E4A677F-A6FB-4CC4-846F-56866DD930CF,0.2857142857142857
season,1E5FAD5C-5A81-4C76-B5EE-C0034F65DD43,0.3333333333333333
season,1E940782-FDE3-4839-8CD3-FBF4A33C867F,0.0
season,1EB07CE9-838E-4924-A095-BA6D42943902,0.47619047619047616
season,1EBEEF93-5FF7-485C-B8A2-B347F368EB67,0.3333333333333333
season,1EC3A700-D94A-4FD6-AE55-4CA9C13DAC9A,1.0
season,1ECFC4AD-02F2-4D9E-BA16-CC6D2E515446,1.0
season,1F261A78-3383-4BEB-9E80-ADDED327995E,1.0
season,1F69714B-87B7-4D57-ADFA-591D13EBECC7,1.0
season,1F7969CF-540A-4FE9-A346-2503EBA58FE5,0.0
season,1F7BFCD6-3312-4106-AD1C-A4112A53D331,1.0
season,1F7C8C3D-0BF2-4E23-9FDF-29E04035F2F8,1.0
season,1FA74C78-9DF4-4B33-88F2-9BA713703D6D,1.0
season,200BD78B-16BA-40F5-89EB-716F5AD70B43,1.0
season,201A5A80-E606-40ED-BCB5-603F9748D05C,0.0
season,20466005-2C16-43A1-80B5-67BF7C6CC5BE,0.0
season,2058F7CC-4C39-4C8C-BC3D-9206E0B04A01,1.0
season,205BCCEB-1081-4C8E-9763-663CF400C7EC,0.4
season,20921ACE-30EB-40F8-BEAA-BAF86D630F6C,0.25
season,20988B49-56EE-4B4A-A76F-4FFCDB208410,0.0
season,209DEF27-A679-452B-ABE8-61E0C585262A,1.0
season,20B1925D-C506-46D7-86D3-9B31DF9B4D49,0.3076923076923077
season,20DAD7CD-C300-4AA4-9437-AD16F92966FF,1.0
season,20E25F42-8997-482A-9994-FF7669E3E6D2,0.0
season,20E8872A-3131-496A-9141-610150B05527,0.4444444444444444
season,20EE7D9B-CB32-4747-B1F1-08C92967B3D5,1.0
season,211CAD2D-924E-4D27-9410-38011B54C790,1.0
season,216B21F2-D4B7-408E-8AE2-468FE9C7A8B5,1.0
season,2170BBEF-F310-4F61-BEC8-7099988FE592,0.0
season,217A5DE5-D8A4-42AF-ABA3-6D5C61299DEF,1.0
season,218557A0-F06F-440F-86F5-DC2B63654A72,1.0
season,21AEEDAA-2B2D-4F24-A334-A1BE4CC87CAC,1.0
season,21B95539-A21F-4164-9347-7160551DAAF8,1.0
season,21CE95FD-04E0-4813-A4E6-93530FAF97B3,1.0
season,21E16C26-4377-46E0-A3C4-FD902846A5CB,1.0
season,21F48A4F-5B54-46CE-AE8F-42B41CCE0FC8,1.0
season,222920AC-2656-4681-B955-1B714ED0B871,0.0
season,228ED3DC-8B38-43B8-8711-579E5982A2B0,0.0
season,2293DC75-E4BB-4FC6-849E-84DFE5825151,0.4444444444444444
season,230641EB-B02F-4B03-8076-7D93D73E3CC6,0.3333333333333333
season,2309DE7C-48B1-481E-957D-F8F7A539CB08,1.0
season,23150ACB-D0AB-4EEA-8219-17546E4E2158,1.0
season,23232B85-8B76-4ACC-9EB2-DBF3A47E9A1B,1.0
season,23359B5D-9AB4-4380-8869-CE89D8F17E43,0.3333333333333333
season,2358B3B2-B332-40ED-853A-B0FDD2AB4673,1.0
season,2364FBD7-BB0F-42C7-8571-CB50BEBBB690,0.0
season,23746527-E30E-4A6B-AD82-A3E303343525,0.25
season,2376614E-1401-4402-9173-5B543CE29F0E,1.0
season,23A3B9E7-DE4E-4E7A-B859-7153EB351502,1.0
season,23BD358C-4497-4E92-86C7-8577A742A2A3,0.2857142857142857
season,2411AC56-09F6-42B8-A7FA-E8780B80CC7B,1.0
season,24292DF5-1FB5-45FA-BC1C-FC4F2F221BC7,1.0
season,24406BDC-69FC-4EFE-91C3-34C84539C9D3,0.25
season,2444C135-EFBA-43E2-A44A-C35EF8A5C755,1.0
season,244E4D05-1D5C-40A8-A815-D9874FEDECCE,1.0
season,246D79F4-3741-43D9-8FE2-E96411CBC569,1.0
season,246ED18A-799C-48F4-822B-921F62783B61,1.0
season,2477D450-A235-401E-B0A9-DE8A52D1C14E,0.4
season,248E6F9A-2597-4622-BD8C-5EE8329706DF,1.0
season,24B406D1-0F1A-465E-AB39-D01831FFDFAC,0.0
season,252FF468-91B5-4A5D-BC30-0A548202543E,1.0
season,255224CF-B035-431B-81D9-D3BD7F07E179,1.0
season,255DF2C1-8B57-453A-A04F-82AC2E816FBC,1.0
season,25AB1FEA-5E7C-46DD-98CF-F913E560C160,1.0
season,25EC5BA1-638C-4C92-B754-DE2396990C8F,0.0
season,261D2F60-0E09-4442-AED7-152010C801E6,1.0
season,2620AF0A-7850-4796-9F65-1E5781D02D4F,0.0
season,26218375-1AA2-4D2F-BB74-C1E9E73F050E,1.0
season,2636EF38-6DCD-47F7-A156-F7BC6097B4A8,0.4
season,26414E79-6628-4A1D-AA80-1216EEE8AA32,1.0
season,26591028-6233-4477-BCFF-6A1FC2B7CF84,1.0
season,266A5AEE-C26E-4434-AB2D-EBECE1E521D9,1.0
season,26A838DE-0F83-442B-9BF4-E639C3CE4E87,1.0
season,26C33FF6-F689-47CC-9CBD-BB0DE351E4B8,1.0
season,26FE353E-4C9A-47E4-B574-F398C7924411,0.0
season,27239074-F24F-493E-A521-25BB65CA71EF,1.0
season,27587341-24B9-4AEC-A4FF-484CE4FC1712,1.0
season,276F40E0-0270-4774-B855-ACC9FCBA1F03,0.0
season,278715FE-7B20-449F-8AFC-0B7E471017A2,0.4
season,27AC6DE1-A90E-4CA1-B819-C21A742ED372,0.2777777777777778
season,27CAC55F-2570-4202-8AD1-4261537E3291,1.0
season,27CC717D-1983-4F1B-B204-F01B0E62EFBA,1.0
season,27E017F5-254B-470E-848C-518B5DDCC0E5,1.0
season,28130027-CEFE-46D4-B939-892B76FB3582,1.0
season,2816795D-D0A4-4F86-9074-21BC54835089,0.0
season,283238DF-1FE5-4680-8D57-F00DDA370212,0.3333333333333333
season,28498DB1-FAD7-4C64-8040-2BDD9E63EE1E,0.0
season,285DF490-EB8F-4135-9302-FC22FB30CF82,0.4
season,2880644A-89F9-40CD-8D2A-587FE107CF96,0.0
season,28878BC5-F445-4475-8C17-53843926ACD4,0.4
season,28C46549-F440-43BB-9ACB-BF87AAB843B5,1.0
season,28CFC532-A524-4FD2-9A02-E09E88520CAC,1.0
season,28DC350F-3837-4DE6-93F2-5DC74FEFF054,1.0
season,28F43E6B-634A-4B51-83CD-1E1C1D35A0CC,0.5555555555555555
season,28FC3833-39C3-48FE-9FD7-DC64EB7F2ECE,1.0
season,29434E0A-237E-4573-9494-77983E6CA4F6,0.0
season,295BB788-B18A-49D4-923A-563A14883914,0.0
season,297E19EB-FE50-444E-8372-716DEDC077E3,1.0
season,29B16B02-A391-4E45-9AA4-B7C776141616,1.0
season,29C4DBB7-0AC6-4B4B-A35D-7AF8F5BE7471,1.0
season,29D8421D-0018-49FA-9C4D-2C29626C7E61,1.0
season,29E365D9-EE8F-40A7-AC9B-11318D8AA626,0.0
season,29EC276B-DC1D-4ECC-8372-3A9DA0F20774,0.0
season,2A3C649E-B547-42BD-97C6-A7DB4CC283E5,0.0
season,2A6A0290-533C-475F-B6A1-0B83DB674383,0.30952380952380953
season,2AAAFB4D-FF46-4C99-A6BA-2EFF422FD4A5,0.0
season,2AAEAB8A-A893-43C8-9A40-68ABF0556CD4,1.0
season,2B444400-4B45-4F4F-AB37-5B3DD124D9B9,1.0
season,2B6BBAE7-E78F-4201-9E9F-A5A6E03C9D9A,1.0
season,2B70693A-243E-423D-8179-2F8F4EBD1A5E,0.0
season,2B8774B1-D84E-466F-9AF6-DAE4A68E9600,1.0
season,2B8B5B63-E79F-43A8-BC85-EEB47E3F3B0F,1.0
season,2B96FE03-0C72-40B4-B549-357F401177F5,1.0
season,2BA40C89-8EB8-43CE-B092-641F471306CC,0.0
season,2BE40215-B538-48C1-BFD2-D434F46DDC7D,1.0
season,2BE94BD1-A1FD-48D0-A788-BF19138896D3,0.0
season,2C29E00D-335A-4116-9AB7-29EC88036BC9,1.0
season,2C4C2BBE-52B6-4488-B2E4-16C6B8E353C3,1.0
season,2C7B72F4-1EF7-4591-8C20-8B8D371F60DB,1.0
season,2C7FE280-6281-4FBE-AA76-975CC0DBD250,1.0
season,2C91675C-88CE-43A8-BCC1-C7E773EA5BCC,1.0
season,2CA557BD-110D-41C7-A2A3-3AE62488B42B,1.0
season,2D0CA780-127E-458F-A525-0A30598F7975,1.0
season,2D190726-36FC-4694-995D-22088BC2AB24,1.0
season,2D365E63-991B-4709-A5A6-963BE07938BC,1.0
season,2D7B8581-F9DD-42C1-AF27-DE5B429D3462,1.0
season,2D87F0AB-F128-4285-B592-F4E26387FF4D,0.0
season,2D931BC8-B412-446D-8D04-A12280A0C138,1.0
season,2D96520D-4B70-43F0-A8D0-B1FC2A905FB9,1.0
season,2E30C3D4-6730-49AC-B4AC-C6F452534DAA,1.0
season,2E48BCA1-66EC-4B63-AD57-AD8B0704CDBF,0.0
season,2E58D19C-ADE1-48E1-A810-29669DF70272,1.0
season,2E6CE03E-45FA-420B-91F1-F5A880F060D2,0.0
season,2F07B5DB-24D4-4E39-B570-C4BB3E687D90,1.0
season,2F18B4BC-B190-4B9C-9FFD-8F678D16F98B,1.0
season,2F192B72-EFBF-48FE-BBEC-F64FCBB37563,0.0
season,2F39C55E-88A4-4979-A4B9-6E7EB1846725,1.0
season,2F438130-1911-457B-A7DA-2718DB704F78,0.0
season,2F4A84BA-141A-4A21-BA93-641DFF619D82,0.25
season,2F5F0C8D-CBBA-40EA-9093-9915F6BE87E5,1.0
season,2F8F9F52-F709-4417-BE67-05ADF26C1A72,0.3333333333333333
season,302C183E-05AE-4F18-983D-D04E7EEF79AD,0.3333333333333333
season,30303BA5-785B-4C3D-99D6-5161ADCBC457,1.0
season,3075CD5F-540F-4B6B-A0DA-546515F0A68D,0.625
season,3086E6E9-2BFB-4470-AD14-3AB452797C45,0.0
season,312FD9C1-A663-44C3-B03A-9FC62010AA5C,1.0
season,3131B306-F929-448C-8A0F-63B6A2A73ED2,1.0
season,313A17C5-4267-4FFB-8F9B-8CE07AB2E965,0.375
season,314D702C-E3F5-4C21-B1AB-E890FC9305C2,1.0
season,3153494D-3F74-46B6-961A-4BAE61751D16,0.0
season,31836812-BF92-484A-8056-ED8092457943,0.0
season,32678382-B458-49D1-9911-881B1CEFD44B,1.0
season,32946587-2F65-4C64-87C7-7C115A138DB9,0.3333333333333333
season,32EBCA3C-D71F-412E-BB69-2B81BD49DB01,0.0
season,32F00665-793E-4BDD-8377-95484B03AF78,1.0
season,33200AD5-91C6-45CC-8069-6E833F9278FB,1.0
season,3331E896-1A21-4C65-A900-86275F30FC64,1.0
season,3344D486-C767-4156-A16F-FE9D9FDA107F,1.0
season,334B5B97-7925-452E-8CAE-D7FFA3CD4288,0.0
season,33778D3E-647B-4D7C-9F1C-571906FCD7D4,1.0
season,33B10433-6632-4643-9A2B-385703E5768E,1.0
season,33CFCEBF-8E9E-41F4-A083-5241072F42DC,1.0
season,33DAD132-C888-4A27-9B10-991CAC6F51B8,1.0
season,3401C785-9FE9-4352-A1E9-FB9A667B81BA,0.2222222222222222
season,3421128D-201F-4BE9-9BF5-AA2016C7BF60,1.0
season,344D835C-2AC6-459D-83A7-FBA0CF57BB8D,0.0
season,3471A011-A78E-4924-9EA7-AE6874D2C010,1.0
season,34A328AD-7EA6-4BE4-98DE-76033E94B4B4,1.0
season,34B2D828-F4A9-45D2-AFF9-326DF0B5C425,1.0
season,34B6E586-9C49-4929-8E75-B9FEB1E620AC,1.0
season,34DEA077-C88E-455A-BC77-B0A98BC4F1F0,1.0
season,34F62058-8B76-419A-9095-254CA56695F0,1.0
season,34FACD7E-D48C-4868-AC48-F1107FADB4E6,0.3333333333333333
season,355C4632-6E80-4D10-BD99-8BCC8659280E,1.0
season,35721106-7807-4707-91D5-7238011C4F58,0.3333333333333333
season,3580D336-F8EF-4910-9CB9-B47843777E5D,1.0
season,3599D4F5-EC02-4FF3-BB6B-1EAC557663F0,1.0
season,35B45B9A-0F10-4E5D-A111-FD9E726BB319,0.0
season,35E0F037-C315-45FC-8E67-570E94F35B65,1.0
season,3606D452-94C5-44A7-AED2-8E2E4C510CD1,1.0
season,3627A401-A15C-493F-9EB6-20418DA4D918,1.0
season,362BC2F2-0CEF-4A54-8645-64A92D154616,0.3333333333333333
season,364F1CAE-DFE4-44CE-A2AA-ED538FBB07AF,1.0
season,3659CB0A-9CB7-4B5D-B5FD-83510FA8D9ED,0.25
season,3662E910-9811-48D5-A232-329A66B06024,0.0
season,3682A420-81A3-49BA-829B-9DC5B7E1D73C,0.0
season,36A48CAD-0E0D-4061-B581-13A77BA5F727,1.0
season,371A08EF-B98F-48B0-8AD6-BCD4EB854356,1.0
season,3725E499-DED2-4B76-90C8-33261F5A3C06,1.0
season,376D5E5D-4E56-4E0C-B7B9-E05DEE9B0DFC,1.0
season,37880629-8CB5-4E94-9CEF-7311F62732B2,0.3333333333333333
season,37992FB5-6A43-45DC-A850-3F3DCA2D942D,1.0
season,37B3CF68-AFD1-4B76-A29E-2D5FFDBC7663,1.0
season,382F7790-FA05-4D8D-9E1A-7AA858DB1D0B,0.3190883190883191
season,383351A3-1FCC-472E-A30E-143283F0302D,1.0
season,3839669F-CF80-4EFE-869F-ABD217C3F635,1.0
season,388368C9-BDCE-48FB-B3E0-D35F3F74B2A2,0.4
season,3897ADB1-1E26-47E1-99BE-1A4911AE80C7,1.0
season,3897AE8C-58B2-4548-B384-15EC9B310A91,1.0
season,38B9B480-979B-429A-984F-BE43EDB2CAC5,1.0
season,38FFBD99-A6CC-49E4-861E-533D6362292B,1.0
season,39071742-09FA-4C01-B161-56C9557EB63D,1.0
season,393CC599-9B6F-4BFB-A631-CDFC5447B274,1.0
season,393EE411-2A3F-4233-909B-F63F74093108,0.0
season,398055E1-974E-4A3E-992D-46C1AB0E2860,1.0
season,39B99A72-0C85-461B-9E99-9E4C46FDE421,0.0
season,3A187487-856A-47F7-8D81-971CB584957C,1.0
season,3A3F0E2D-E933-46D7-B412-D333D5137430,0.0
season,3A497EFB-C56A-4A09-8E11-EBC8A7419E22,0.0
season,3A6C2E26-B624-4F85-B5DB-2EC741222D92,0.0
season,3A8014B1-E805-472B-BA35-6F7CED69D5BF,1.0
season,3AB9D729-9886-45F1-B267-E33B9E3E5AEC,0.4482758620689655
season,3AE22BFC-B10B-4F27-8D93-2C62EC3CE7FF,0.0
season,3AE8C123-7428-469E-8CF7-C4BAC5816FC1,1.0
season,3AF09CEB-E131-4A81-8815-7353F7F1D1E3,0.3333333333333333
season,3B0DEFBC-3605-4421-85E7-2F33B5152269,1.0
season,3B1DC97E-E649-4490-8A73-7A9C705A5F3A,1.0
season,3B32983E-FE3E-42C3-BE0B-312D664BD90D,1.0
season,3B481BD4-5920-415C-9E62-70D23732560F,1.0
season,3B6CA701-B00E-4530-B543-F617A244211A,1.0
season,3BB7C732-50EB-473B-ABBF-C7F79ED91893,1.0
season,3BE1D6CD-0D87-487C-AB55-A11C8955C991,1.0
season,3BE25653-B451-43D0-84B3-610680264F15,0.0
season,3BF81227-0FB2-4CCA-BB74-E2B17F6C2E28,0.0
season,3C140472-1F40-48BC-9DDC-863B7F5D0B09,1.0
season,3C1E7BFC-82D7-4C3B-983F-382ACA9D37DD,1.0
season,3C869E08-4D54-45D9-8DAF-98FABA1F5A89,0.0
season,3C8FCDF1-D99D-4930-9FDB-4C07A5C69D83,1.0
season,3CCE7723-6676-4F68-83C8-CBD2506180D9,1.0
season,3CFA57D9-3FC0-42BE-891B-D51BB98C40ED,1.0
season,3D01A0B3-5B9D-4D71-9722-2356D83348BE,1.0
season,3D232E02-E007-491F-9397-9537A9806976,1.0
season,3D4665CE-39EC-44CB-8D9E-6F8EFD518401,0.4444444444444444
season,3D975E08-6434-42B4-BAF1-AF2A0D397075,1.0
season,3DB166EE-84EC-4664-97EC-DCFC1EDF193D,1.0
season,3DB8470F-3FA8-4DD5-8DE0-7355A6AA4933,1.0
season,3DC3AFB2-7D75-4652-980F-2A4EA145B003,1.0
season,3E2A479A-E9A9-4737-836D-A6D95C388ADA,0.3333333333333333
season,3E2CD774-A8D9-4A1C-A390-747FB8D4FBFB,1.0
season,3E367531-616C-4534-AB1F-C267FDAA63B4,1.0
season,3E42C09D-47F6-4C6E-B483-FD45E7C13FFF,1.0
season,3E62B847-D9F3-466F-9684-9B9172D81340,1.0
season,3E6AAC52-F048-4888-8745-6F4E73FB1407,1.0
season,3E8BCEF1-7412-4CD5-B261-9842F1354323,1.0
season,3E8CCC9A-D2E4-440E-B309-037982CED708,1.0
season,3EBD09E2-8186-4601-BE16-652D5A241A72,1.0
season,3EFFBBB7-8F0C-4702-9290-F772ED561210,1.0
season,3F06FD7F-BC1C-494E-A225-63615F95CB4D,1.0
season,3F0919A6-991F-4521-BA4E-382E86B65AB7,1.0
season,3F0CF0D3-A055-4CF8-AD7E-E3617829D285,1.0
season,3F166450-82C5-4B24-8F70-C305EC40271B,1.0
season,3F3CA187-7566-4913-8C1B-AC7368ABBB40,0.2
season,3F3EC4FA-D7E7-4A19-B435-3B373F416B15,0.0
season,3F5A6F95-8590-4952-8ECF-D0D795F0A5D7,0.3333333333333333
season,3F7717BF-B110-457C-B8B3-9F7A4B1D4EC0,1.0
season,3F9C1DD4-2584-4DEC-BE08-996EB1611CB5,1.0
season,40272BA5-12A3-4968-8E7B-5550D05362FE,1.0
season,40397946-DC92-4EE3-935B-45FEB0F27A7D,1.0
season,404C0503-A2D6-44AE-9FF2-4570098A4DBA,0.0
season,40632668-8C1D-44B1-BC0B-344C2D28D464,1.0
season,409CCC7A-1A44-48CB-B2DC-A269697DA935,1.0
season,40A9F7ED-8073-4B35-8B37-BA248E86BE88,1.0
season,40AD3059-A314-4359-88F2-A3855722CCD1,1.0
season,40B42C10-6C54-46E1-95B8-3D8801CDD968,0.0
season,40D394D1-ACC7-4807-A7E7-CA91DDFD9769,0.3333333333333333
season,40F09A8D-DD9A-413F-B59C-A88F1288E666,0.3333333333333333
season,41061DDB-D9C1-4731-AC20-0DA14627506A,1.0
season,41138CB9-B0B1-4869-BD58-EC7D85C0D550,0.0
season,4143F45D-EB22-4155-AFDE-70637F648CA7,0.4
season,414AAB69-F829-4A8B-987E-AF9881ADBB00,1.0
season,417D7142-6652-453B-9E77-EF9A5243781D,1.0
season,41816A94-20D5-4947-B7B6-FE8C1148168F,0.0
season,41A6303A-97B5-4242-AE68-21ACA248A60F,0.0
season,41A857C0-5363-40D6-AF16-8FB70127FAF6,1.0
season,41A87400-5A4C-437E-A7FD-F78F21E2A21A,1.0
season,41B677D9-8742-458E-8E69-78B89816346B,0.0
season,41CD5DF2-DA10-4A65-A505-CD2D62719A81,0.2
season,41E48395-5FC7-4D79-A389-9708B561CA7B,1.0
season,41F65E55-AA33-4477-A2C0-5C749D623152,1.0
season,4229AEA9-9684-4AAB-B3C6-C6AD7E7CCB93,1.0
season,422E07D6-B7D8-4A2F-8410-0DA59738A965,1.0
season,4268C372-D089-4A03-8D08-936EA42BC816,1.0
season,4272FFB3-4B4F-4CEE-ADAA-31285C11A5B4,0.0
season,428E63E5-2B4A-4BC3-8210-CA71EC93E148,1.0
season,429F5E45-5DC3-4632-945E-51AE3FB87655,1.0
season,42C1BEC2-5CD8-42BD-93C7-C332F809AE16,1.0
season,42C6E1B9-AFD5-4714-B559-535119AF7349,1.0
season,42D104C1-4B38-4729-AF39-639B38E9D356,1.0
season,42F06901-5129-46EC-9D10-3FBBB96EDE88,0.3333333333333333
season,430B15E8-E6DF-488B-89BC-A1D17991E6AB,0.0
season,43200D8D-9B57-4479-8018-BE61CFB2EF46,1.0
season,433910E7-E03E-49FE-9D61-D33B6872E36C,1.0
season,43825B33-D65B-4B28-A741-2544780C1B58,1.0
season,43A8183A-E672-439A-80D1-D3CAF2DFC987,1.0
season,442A6A86-5CF6-4819-B10E-5A06717920A5,1.0
season,445F2431-9136-44CE-B50F-70E0A7CD0E01,1.0
season,446BD8E4-1C6B-403E-84D8-7708876FF027,1.0
season,448E5313-DCAD-407B-83BF-058788726A56,1.0
season,44A717B7-71BC-458E-93CA-3209D4CF224D,0.0
season,44B4F89B-9D70-4076-B85B-9A6A83B0105B,1.0
season,4518910A-5135-44EC-869B-CA2306E34AE5,1.0
season,45192B7E-D5F7-40E5-B320-CD70DDEF1352,0.3333333333333333
season,4562CA05-25DD-4B18-A480-B8A5AAFE9B6B,0.0
season,45866F01-5287-4858-8ABA-46EF7B644615,1.0
season,45B4E2DE-6387-4C36-9DA3-C610DAA1AE61,1.0
season,45CADD4C-11A1-42AC-99FE-93DCB8BFD7AC,0.0
season,45DC2800-AAF4-485C-9572-FF72A922AC2C,1.0
season,461A55A6-9D31-4E67-BC9D-2E4FB367769B,1.0
season,4695AB79-EFC9-49A8-9498-1B307A93B531,0.4
season,469BAB83-B954-41E4-8394-44CD466126A7,0.0
season,46A360C5-94D8-44D2-9964-36B040E1801B,0.4
season,46B60AA4-AD09-4551-B367-A3944EA96870,0.0
season,46B79BAA-F5B7-4250-8FD3-F0101A4035AF,1.0
season,46D43E0A-09CD-42B0-AA72-63D77E95C8AB,0.3333333333333333
season,46F9E0B6-AA24-412E-BB63-EE46DB219DD8,1.0
season,4759BBC0-E4D6-44BB-8834-2E972EBC5D4E,1.0
season,47695940-3674-4823-9E0A-834A512F11CF,0.40625
season,4789CC66-EB52-4AF6-88AC-2445A8AD9DB0,1.0
season,478DC75A-027A-4687-B4AE-BC6A931E0A75,1.0
season,47EF2C5B-0DD2-4B61-A75D-2EB0ECD32781,1.0
season,47F20D55-FB07-434C-8F2E-B0DB0164B578,1.0
season,480B42A2-0CFF-4B75-82E9-13A174548BAC,1.0
season,480B6C93-F875-4E46-BC92-A0D0FB7330D9,1.0
season,4892D897-3F2A-4E15-9890-D5C071351104,1.0
season,48AF0C3F-4664-4329-A260-53B12C2BA1B8,1.0
season,48E344BF-D3FC-44DE-8786-DE8457F47533,1.0
season,491BFFA3-ACB1-4F23-84D9-E87EF926E764,1.0
season,494DB167-57CB-44D9-9049-53BCA35861A1,1.0
season,495E174C-31B5-4C2E-AFB9-244C7EB646AA,1.0
season,495FEED4-D285-4185-A1C9-D509C25B4004,1.0
season,496E55DF-CA6E-4CA3-8C13-F23B1F78D58A,1.0
season,49740CB0-2C80-4F02-AE49-37531C42F7A2,1.0
season,497CC915-B20D-4568-9C1E-8A253E145750,1.0
season,49B9885F-1338-4C31-88A3-36D33E6B065C,0.0
season,49DC390F-E899-42E6-BDF6-53C1BA948209,0.0
season,49E77F2A-E9B9-436E-BF3E-12E620E791B2,1.0
season,49E9AC5B-105D-4F1E-B26B-FDA188044FF1,1.0
season,4A022C5C-7A8F-471B-BC11-721148E6C132,1.0
season,4A1323C0-39DD-4E45-9AD2-87E3D1E8EDC1,1.0
season,4A57DD8D-8739-4778-A78F-37C7B9DBFB87,1.0
season,4A8A63F2-50E7-4EEC-BF0A-2D2AFF213783,1.0
season,4A8C1B99-99AC-468D-9A27-A4BE7988F084,1.0
season,4AD56FD4-7F6D-4054-B993-B9F54BAA0837,0.0
season,4B529EEC-C2E5-4650-90D7-273F6082B793,1.0
season,4B5CD54A-0703-4143-926B-38F6E707B01E,1.0
season,4B9C95C7-8467-495F-BDF9-47C0F491EC70,0.3333333333333333
season,4BC7956E-F5AE-472D-BE9C-D9843648983C,1.0
season,4C62E507-2421-4335-ADA9-8F17AACF12B6,0.0
season,4CBD3A80-1F2B-4459-968D-FD77FC137D17,1.0
season,4CBDBCF5-C5CB-4A31-9946-03435E835545,0.3333333333333333
season,4D2CA18E-D9C6-4D98-87A7-51A72603A3DD,1.0
season,4D5A7A86-C319-4675-96D0-66FD932B16E2,0.3333333333333333
season,4D5E2E51-8C62-48B8-AB2C-433D4624328A,0.0
season,4D64A060-59A3-46A4-9421-7F82FAB630AC,1.0
season,4D787F50-7BAB-4E44-8717-89468D817B35,1.0
season,4D852C9E-D557-4405-9203-9A8BDAD54FFD,1.0
season,4D8F752E-AFBB-4E23-8101-B1AD1BE92B35,0.0
season,4D991330-9CC0-4A26-BCCA-161B0D83B4D4,1.0
season,4DD0FB3E-40E2-4B2A-9DD2-861440690345,1.0
season,4E19D396-97C4-4B64-B178-B0B11BB30994,1.0
season,4E21EFB8-CDDA-4CE9-85C4-214583994B66,0.4166666666666667
season,4E96E74F-0C8B-41C2-A098-DA1533D79373,1.0
season,4EAE1FCD-93BC-41DD-A62B-44BBC1ED379A,1.0
season,4ED107B4-34F4-4691-B55B-D0F183AF6B20,0.0
season,4EEB47C5-7B41-4AA0-BBFD-625DB61F44EA,1.0
season,4EF35FF9-2658-4456-83D0-3BFA7CAB6C98,0.0
season,4EF6B654-96BB-4B30-867C-15DAF8149387,1.0
season,4F1E7E09-2608-4924-97C8-D614C257E2D7,1.0
season,4F3D7722-28DD-4EB2-BDAA-AE5C785AE1BA,0.48148148148148145
season,4F496E65-FA0E-4EBE-A140-4A3D8AE7AAEF,1.0
season,4F53FEF4-1248-4145-8F37-58F388629E9B,1.0
season,4F56A1F3-834A-4474-91AA-58A9BF9DDD93,1.0
season,4F7C4939-3A69-4951-A378-BA5B0F48AEAD,0.0
season,4F889A3D-6C06-4B04-B7CD-0F6A7AC5841D,1.0
season,502D7428-24F7-4AE4-AE47-00FC0B689ACF,1.0
season,5061EC86-4BF9-47BA-8075-D8EB1E397DCC,1.0
season,506312F8-2B0C-49B7-A872-817686DA60A8,1.0
season,507B8B26-B49A-48AC-A8E2-9A9B1FBEFF3A,0.0
season,508FCD59-BFE8-4FB0-8021-B87FD7847667,1.0
season,50B890A2-99A4-47D2-96EE-F3BF7B9E7B06,0.16666666666666666
season,50C455EC-F1EA-4D57-B748-F23EF39B96D6,0.0
season,50CDC383-0E7D-48D0-9888-A5C26E3C81F7,0.13333333333333333
season,50EA2949-0880-4010-B660-8D8C6C2606AC,1.0
season,510035FB-B751-4C08-8080-3BD41B62F67B,1.0
season,510E3876-7240-4E8D-9DB0-8FA22FF9404A,1.0
season,51396E6A-4782-4E0E-BE56-D95B351C9B8E,1.0
season,5141BAAC-83EF-4B17-A015-DA10D753B79E,1.0
season,516E82F0-EC9F-4BB3-ABE8-B6BE0EF2069D,1.0
season,51A2D819-10D5-4D39-A75B-4FD829E240F9,0.0
season,51A55BA1-B29F-4196-9065-6D4A24F364F8,1.0
season,51B8EAA4-79D5-4E31-87B0-7F09B3C7408A,1.0
season,51C05BA6-26F4-4F66-9F13-FCCA312CED5F,1.0
season,51CF255B-6570-4F23-BCE4-63F45FD18B02,1.0
season,51D2AE98-C09F-4393-8B29-87DA02C0BB87,1.0
season,51FE6358-7E09-4943-A2B6-E6C0D12E45E6,0.0
season,52002B7C-56BE-4970-9ADB-AFDB17390738,0.0
season,5206405E-42F9-449A-8CDB-545CBE54B123,0.0
season,520C28C1-632A-457B-9842-F49F39F47B26,0.0
season,523D3437-CBDB-4C2D-B8DA-2778C036D28F,1.0
season,523FA25E-75AD-43EF-8C52-9CFE2036A3B8,1.0
season,525BE911-09A2-42F6-B7D6-F520C6C9892E,1.0
season,52701CA5-C3BD-486B-9711-B8D58E70F658,1.0
season,5273ED0D-3553-49E2-AD67-9AE592FF01F9,0.0
season,527BE7C5-999F-40FA-91D8-4A0D0B981E0F,0.42857142857142855
season,527CA0D7-5529-4B3A-B0C0-8D6E78227DB7,0.46153846153846156
season,529ED91E-5DD2-448C-B611-AC31AD99D78E,1.0
season,531471E4-D87C-46C5-AF79-5FBE2B32F9EA,1.0
season,53564A41-A09E-4E9B-9F55-5BC1E08418C8,0.0
season,5362769C-F2EF-4F3F-B070-A8F49FA60DD5,1.0
season,541EF056-4951-4F5B-9370-24D7BAE23528,1.0
season,547DD6F3-8906-43F6-A9C5-BB88CBABCF9B,1.0
season,54BC483C-E8A9-4CB3-B1F5-958572816414,0.0
season,54BDAA98-0122-4C11-8035-6A62A7AE087C,0.0
season,54E57968-CDAD-48D2-8169-9632593C6E08,1.0
season,550A6BD2-8494-4933-8641-53DFB75C66C1,1.0
season,550E1F54-6116-4EBE-AFD2-6CF13E4D7FAE,1.0
season,5533993C-8F60-423B-9AC6-F5C7645B5AE3,0.42857142857142855
season,554A17C5-F703-4CF7-87B4-C4549D7D7B0C,1.0
season,557EE92A-F249-43D9-B554-D9CD4B910A4F,0.0
season,55C58449-F05E-48D6-BC35-26F04A4FE18E,0.0
season,55E04D7D-8C72-47E0-BCA0-743C8FF8B764,1.0
season,5610C87B-44BA-4BAF-8396-FC8D0254B236,0.42857142857142855
season,561E9B9C-0591-4388-9996-FE311B14A568,1.0
season,563FDE5A-4ED6-4E8C-A9CD-1B6AC034D014,1.0
season,5654039A-349A-45B3-84CF-9DA9C03262BB,1.0
season,565939B5-4186-4204-9D1F-C40FE035433F,1.0
season,56597F36-621C-4B5C-8863-10A2ED43C69D,1.0
season,5672A9C6-512B-4679-B958-5B9427B8A23F,0.0
season,56C9846A-7F0A-41AD-AB14-E96EA606EF12,0.0
season,56CB38BA-4137-46A8-A527-55464588FD2A,0.0
season,56F8BEF5-4539-4163-BB7B-7ED222B961C5,1.0
season,5703BC57-6B5B-46CB-B8B8-0F7DE162F2BD,1.0
season,5772DE65-2513-4DFF-BF8F-95225F66421E,1.0
season,57C2EB0A-FF4D-479B-85B9-D667935A31CB,1.0
season,57F5839A-3552-4567-B060-8D64CA95246D,1.0
season,583DA218-541F-4787-A378-8B5A1D8412F4,0.0
season,58859C3B-B812-4B5C-9FE2-F0A9B668F81B,0.36148148148148146
season,58B8F1B4-3774-4C85-B7E6-D8E0A75CB8B7,1.0
season,58DE3D35-8F11-45A5-B6F5-0CA2F9E5E4F6,1.0
season,597FBAC6-762E-4912-917F-68BE7CC262FB,1.0
season,5984BBA9-88C1-4098-B07C-EE4CD0AE0346,1.0
season,59A11C7A-AEE0-48D3-BE64-7377FA4AC481,1.0
season,59B125C3-3BCC-44C8-A969-88A5E68E104E,0.46153846153846156
season,59B3C951-2CAC-4B53-8BB3-C80C41085408,1.0
season,59C52BAC-68DC-433D-B608-8897C2807BB1,1.0
season,59F21708-C582-40DC-80FF-2445B3744ED5,1.0
season,59F439BB-11E1-4490-AE6F-C09D2DCC3DF5,0.4
season,5A98C333-323D-47CE-942F-045092D10C43,1.0
season,5B11A08F-E6E1-4793-BCFC-00995A79677C,1.0
season,5B41D7A8-4467-4C70-9737-F4BF051E36CE,1.0
season,5B5A582D-D266-47C7-816D-4744C27C61C0,1.0
season,5BC2CC58-8127-4F1C-B58C-3FC032B2A306,0.0
season,5BCB3C8D-971E-4459-A2E2-908E673740A7,1.0
season,5BEDD9A1-DE58-4D89-AE5E-F47F274C7CC7,1.0
season,5C207963-6676-4ADB-8167-1B52CCAFC2F9,0.0
season,5CB59623-1854-4F5D-B4FD-1F0AF7C7E31F,0.0
season,5CEE7DC6-4C26-4216-916A-39E8E2A33880,1.0
season,5CF25DD6-62EB-421A-BE07-535604F821B9,1.0
season,5D19273F-4DF8-4A4E-856F-795E9FE3E61F,1.0
season,5D235945-2BAA-4FD8-B960-E9A4FC2480ED,0.0
season,5D33E60C-40AC-4FCF-AB63-31AEB258A478,1.0
season,5D577AE8-AC66-43FE-A87E-0FAF491D436B,0.42857142857142855
season,5D7F0B52-AF42-49AC-8D97-334CEAFAF821,1.0
season,5D8C1E4A-5D12-42F9-9BCD-8E330CACC3ED,1.0
season,5DEE30E3-2206-41D7-9A8C-FF764C057110,0.0
season,5E21FD55-2790-41EE-81CF-EC45BC71D7DB,1.0
season,5E361B76-9722-4590-998F-9D0B7D5CA0D8,1.0
season,5E61B483-7A15-467B-8BBE-7E04842DEAF9,1.0
season,5EE228D0-1CB9-48D3-9501-71AAFDDA4A76,1.0
season,5EE93A47-22A0-46A7-A6BE-B7C966C5B37F,1.0
season,5F051EFC-780E-433B-B690-1B39199156F1,0.3333333333333333
season,5F8EC381-559F-4A1A-8508-3D6CB4AECF3A,1.0
season,5FA75524-F46C-4C02-863B-1B086B43742C,1.0
season,5FEA1CBF-3142-4DDE-880D-ACA01407A39C,1.0
season,604140FD-CDEB-4E68-9FEB-23BF9F5EC806,0.3333333333333333
season,606BCB94-7951-48E3-B10E-74A5AD5C7EBA,1.0
season,6097E94D-2160-4090-B970-33E568203776,1.0
season,60EB1157-5592-42FF-A4D6-88954398EB38,0.0
season,61053D62-627D-43C4-8F10-E21048CD904B,1.0
season,611C4007-E4BE-479A-86C1-808D29CB6FB2,0.0
season,61375360-3E6B-4714-A8DD-82DADA5CE827,0.0
season,6168B9A1-054A-49BA-ACCB-5EC930EEDDD1,0.0
season,6174B4B8-5612-4B77-8BE5-4A0F6F702A0E,0.0
season,61C54CD5-1EF6-4345-9C91-EE559F3D6147,1.0
season,61CCD5F2-E6B3-47F9-824E-515842C0308D,0.0
season,61D320F7-608B-4E2E-9ACA-1685955E353C,0.0
season,62170978-3CF9-4B73-BAD5-EAE33AA99840,0.0
season,627E8F7D-F939-4320-A5E8-9F11312B973F,0.0
season,628CEEA9-4632-4001-B98B-243C29B36DA8,1.0
season,62B750CF-8E19-4615-8600-28E1D5720BF3,1.0
season,62BFC36E-DF31-4380-B76C-7AD84494FDED,1.0
season,62CF448C-E732-46B3-8D0B-0EDFCA2DEBC0,1.0
season,6340DA02-109E-4526-9E04-906803E08AE2,1.0
season,63736A72-830C-45E0-A50D-746D9A61B8D4,1.0
season,638C4CC2-2263-453D-A1ED-30F96A9DCCF2,1.0
season,63925E1A-92D2-4CF9-AB0C-819DC7FB897F,0.0
season,63DFFE87-350C-4153-84FE-15EB5671C3DC,0.24242424242424243
season,63E1F710-14D2-43A8-8F18-B7B3BEC70A3D,1.0
season,63FE631A-B27A-4134-BE03-166392685F53,1.0
season,64046B28-7808-47F4-A6DA-195E14DA2612,0.0
season,642A7507-ED13-4A49-AD9E-4C9535041CDE,0.0
season,646A5ACE-95F8-4CDD-9CD6-AEA47F2970D6,1.0
season,646FC7CE-4AD0-440F-842B-40B7DEF2850B,0.4
season,64794F23-120C-4E8D-8E62-E7DCD5F19B9A,1.0
season,647B9DAC-FBB8-473B-953D-C0CEE11F3CB1,0.0
season,64A4B893-71C3-4EB2-BFF1-7E210ACD1A96,1.0
season,6549DA36-E685-48D3-A743-4095D69A04AC,1.0
season,654ADF3B-FDB8-4C09-AB57-E9868125BD2D,1.0
season,6556E7BC-290A-4BE1-A498-806E48ACF2A4,0.0
season,6576EC5D-B6BC-4907-A071-C1621BCEA52E,1.0
season,6585E4B6-3885-4549-B6EC-3E7F0294AEC7,0.2222222222222222
season,65A568BA-01F4-4F8B-9A79-675FAEDB49E5,0.0
season,65BB4827-4801-4957-BD7F-F3ED245E31E8,0.0
season,661F44E4-2FDD-44AB-BF28-CC1385A2F982,1.0
season,667510C4-F41A-4708-9959-22FB36AB0316,1.0
season,667646BA-0E38-4A35-9C6F-9C970C3398C0,1.0
season,66A775A9-D1AF-4642-819C-649D3B595CA8,0.3333333333333333
season,66D045A4-D8D6-4450-96F7-3DE74E2D3AE2,1.0
season,66D4C459-8411-4D44-B396-2D1B74E697DA,1.0
season,66E79C0A-80DC-47A9-82C4-C6452D2A8971,0.0
season,67080776-2CAD-45AB-B555-513E316C8843,1.0
season,670A2032-75B9-49FC-B62B-153FC0B7224E,0.0
season,6714F809-842A-48CA-A906-1F1D0427A5D9,1.0
season,67194DEA-4BDB-4BBF-9C65-FF54F9064210,1.0
season,671FD6CF-AA81-4755-B1FA-41C7CB7FDF80,1.0
season,674F2F64-D7CD-4167-BDAA-EF7FF278ED09,0.25
season,67D4191A-4113-4CA8-93C0-A85BD52CC0DF,1.0
season,67F0C2DC-1566-4F12-B709-D86113768F07,0.3333333333333333
season,68579D63-676A-49B9-949F-74269885A7D4,1.0
season,68585DD6-746D-43D5-A6A2-50770D37A2E5,1.0
season,687062C6-CDD0-49D1-8E6D-43E29B5C5647,0.3333333333333333
season,6879AC96-BFBA-4FC9-985E-AE915F9EA5EB,1.0
season,687ECF7B-E785-4EE5-B5C0-517E64B847A8,1.0
season,68975583-4E27-4A1C-8A36-8D0DEA9C32B4,1.0
season,68D78DCF-1BD1-48AA-A482-396B9493A57D,1.0
season,68F6360E-F45C-4971-A552-5E8FF35D7619,0.3333333333333333
season,690BAF0C-4517-4B2D-89BD-14B304F83F7A,1.0
season,6937BB41-204B-45BD-B6BE-D16EF0E2788F,0.0
season,6955F653-75FE-4A18-955B-2ED6178AE73C,0.0
season,69754CD3-9934-41C5-8932-D0BAA3A8D9D2,1.0
season,698D00AC-6497-40CB-922D-FD56907EFCBE,1.0
season,69A4966D-5AED-4AC6-B96F-DF02900E9C9A,1.0
season,69B88E92-AC47-4A22-B09B-2EE9A1A81131,0.4
season,69BB404E-5A42-4A2F-83D9-EE26D82A1A25,1.0
season,69E77CD6-84EC-4C6D-B637-FFE334952501,1.0
season,6A005EC4-F630-44F1-A85E-82F52FF66052,0.4
season,6A053774-20EC-4351-991D-9837AEF1767D,1.0
season,6A1B7848-0079-43E1-B3FA-9EA6151A975C,1.0
season,6A55B698-78BD-4549-98F5-8D73D27D3887,0.0
season,6A793BC1-5EE6-4A4D-9F12-72C4F9825B87,1.0
season,6A8E2874-92A7-41FF-9A0B-6E1B8E95EB15,0.0
season,6A8ECBB1-028A-4D7D-93A5-BA1065074034,1.0
season,6AA3F100-0002-44F1-AC27-DBAA5669C9E7,1.0
season,6AE65F75-4018-462D-8DD3-E9293BCB0A7F,1.0
season,6AEAADCC-FE68-49DE-93C4-2F3A43BA9BF3,1.0
season,6B148D2E-4F18-44AA-BC44-E2AE6060251C,1.0
season,6BA77D31-9B7C-4611-A844-5393C5E94724,0.3333333333333333
season,6BAAEA63-D5E5-431C-8103-404C2EA55951,1.0
season,6BB522DE-8EAE-478C-BA5B-ED5BE6F135EF,1.0
season,6BBF5501-2165-4A7D-8363-33680EA14034,1.0
season,6BE7C39A-949A-4302-9B3E-E0FFFCD82342,1.0
season,6C197C1B-5A4C-4BEA-877C-4F3579FE0FD7,0.0
season,6C2BFBFC-5CE7-4798-AE39-8719364E7D27,1.0
season,6C48D1B6-E7B1-49DA-891A-4C71664FB839,1.0
season,6C6161FE-F139-41BC-A63D-4068DC5EA30D,1.0
season,6C993F28-38EA-426F-B42D-B44AD320B884,1.0
season,6CB9EF25-C2FE-4BD8-9871-705DC92DF2CD,1.0
season,6CBED65A-A6B4-402A-8632-E9C2D7EA2A01,0.0
season,6D0EC516-1BD7-4115-B736-B6864DCD57B9,1.0
season,6D170973-A3A2-4EE4-B380-DA3F003CE822,0.0
season,6D1EAD94-7BDC-473D-8A31-F99AB36B09B9,1.0
season,6D7BE71B-C5C7-44D7-A73D-D4948C18E834,0.16666666666666666
season,6D850C16-2746-4A6C-9F51-F3D793EF880A,1.0
season,6DE6CB6E-293C-4E2E-BAC3-B8F2BEBF97ED,1.0
season,6E31E5F3-CE8D-4F77-80EE-E97D3ED8F5D2,0.0
season,6E34C992-DE8C-411D-B0E6-2BB4B3BD4C2A,1.0
season,6E35B6D9-705E-4CDE-BC6E-2399C703B07E,1.0
season,6E47D5F1-738C-4B1F-836C-38A3716C5D58,1.0
season,6E6A56C4-8B25-4C34-8C3E-8B38D74C86C0,0.14814814814814814
season,6E82F604-3C97-4D26-8972-B211FD7BA728,0.0
season,6E955887-6557-4485-B06E-E7A398EB2010,0.0
season,6E9ED35B-55BA-48B3-8E44-731FBF51EA3B,1.0
season,6EA2821E-93EC-4EDF-9F90-CBDFACADFF27,0.3333333333333333
season,6EBDF62A-CA04-4053-A4F7-A847C0AED8EA,0.0
season,6ED172C3-4DC9-4368-A919-D389496B560D,0.4
season,6EE57ED9-7056-4039-A89A-15191C17BE39,0.3333333333333333
season,6EE8B246-B426-4AAE-BABF-AFF9AC861ACE,1.0
season,6EEF532E-90F7-4276-9D7C-C8962963112E,1.0
season,6F07BE17-3D52-49D3-B9AB-6CF803A32CFE,1.0
season,6F3DFD2D-AA67-4518-831E-13FBFC277DB4,1.0
season,6F6D9871-67F2-45AD-A03D-A55D236FBDF1,0.25
season,6F71307E-C3D5-45D6-9F6D-E7A88AC88D0D,0.0
season,6F92EA1A-CB7D-4AC3-A2D5-969BE7C63C8D,1.0
season,6FEE9362-26E1-4815-B2C0-2E3FB946A3F7,0.0
season,7031278A-0A41-4C55-BB04-A4D6E66AB851,1.0
season,7033AD7E-CA5A-4F12-B165-3E16C2C8161B,0.3333333333333333
season,7041BD29-6C3A-49B0-9F0D-2B041AD3EFD1,1.0
season,704F8120-6511-4C44-BAC5-07F77CBC5CBC,0.3333333333333333
season,70531CBD-2540-4639-9876-C0B2C632B13A,1.0
season,70675DF8-15C5-4D71-9324-DB6E031B97CA,1.0
season,70681F65-D8E3-4741-AD17-D3967F637960,1.0
season,706DF447-94D7-4513-9D3A-184269AA0BA7,1.0
season,70BB71D4-1DD3-45A9-9582-A44A11BD1614,1.0
season,712DAB4D-88A7-4468-8E9E-472B4F0CFB63,1.0
season,7176FBB8-8809-45AD-B43F-CCDF15F11706,0.0
season,71DD3190-9D67-497D-A4ED-B1EF6C30A572,1.0
season,71DD9F21-7151-4A63-A8F5-C39C18301156,1.0
season,71E9984D-4865-4D87-BD24-E8C3B1229D8A,1.0
season,72162AE7-374F-48FC-BFFE-F9E3EBC075F4,1.0
season,725C0809-E8C0-4D45-AB3F-6BE5017F79D3,1.0
season,72996E05-5007-463D-8993-9D0AA31EBC65,1.0
season,72B72F8D-E45A-4B5B-9234-56912BFDA7D9,1.0
season,72C3E85A-C2F6-4F93-ABD9-8F4DEAC2E280,1.0
season,72C503E0-8121-4124-BE02-BEA9FE53CA3B,1.0
season,72CDADA6-28CD-4ED3-B96C-EF30D68267D5,1.0
season,72D173D7-AD3D-445A-961D-8F5117BB3205,1.0
season,72E7C408-6A05-42C4-89A8-6997376D1809,1.0
season,73176A2A-0476-4240-BFAE-3B058A5ABDAE,0.3333333333333333
season,7320C5C5-FD00-432E-8B1D-3ED9DA7B64EC,1.0
season,735AFCD8-5067-41E9-AAFE-50152FB81C39,0.42857142857142855
season,735DABA4-9FD5-4AE0-905A-92626972DD57,0.0
season,7384472A-0E8C-4859-94C1-71DDC2CC3A93,1.0
season,73AE364F-432E-4FB9-8D5E-15C797C17CC7,1.0
season,73D2A9FB-14B5-4D40-A3F1-FECEBCECA2B3,1.0
season,73E0CE35-24FE-497C-816C-3DB4A3123D1C,1.0
season,73E7944A-03C9-4C91-A14D-FE4CB1F78C52,0.3333333333333333
season,7406E83B-FD07-493F-A762-A567F9841D7E,1.0
season,7435E254-0631-40D2-9A36-03620890FAFB,1.0
season,746E1F4C-82E9-4322-9B5C-04FF42991B00,0.0
season,74AD066B-F2D5-4E58-BE13-467ACA3CE79B,1.0
season,74ECC303-CE55-421E-9D2C-514C1E576C74,0.0
season,754CC7F5-8DE3-4C42-BA24-5B854FAD4019,1.0
season,755D707E-4AF6-4809-B7B5-E9F1B25E18CA,1.0
season,75A0559D-C6D2-4F81-B21F-7AAC3BEED9B0,0.0
season,75A43B36-0762-4AE4-A562-309530750B2B,1.0
season,75DDAB56-617A-4D16-8ED5-A60CE25D1089,1.0
season,75FBC918-F3C5-43AC-8A39-5220781C8CF8,1.0
season,7638DD5E-95C7-45DD-B28B-85C0E9A42707,0.25
season,764776A8-D790-4C32-89C0-9DFFEF29479F,1.0
season,76492B7E-CF5E-4C21-8335-EB124D6131CB,1.0
season,764EDAFD-EECE-4C63-8B08-5295997883AD,1.0
season,7664BAAD-28D2-442F-833A-365B22834552,0.4444444444444444
season,76708654-C73B-4469-8618-936203C99F37,0.3333333333333333
season,7672AAD6-CDB4-4D77-A0FB-5AE96957C411,1.0
season,769313DC-216B-4984-8A5E-FCD53DDEE169,1.0
season,76A295E4-7A4E-4E27-A582-A028E906D995,0.0
season,76B3E867-1B10-4E08-B4E2-7706D3A523E7,0.4
season,76D717E6-C8DA-4D69-8872-4CB6D4B414E5,1.0
season,76EEBF80-E7AD-47EB-B468-47EA43054722,0.4
season,76FAB3BF-DD3F-43B3-B1F9-BDE20A66AA4F,1.0
season,771E8DC4-3FCE-4730-B4EF-A3B490FC18F5,0.42857142857142855
season,77B5C22C-24E3-4667-8435-30D33982F6C8,1.0
season,77BF7899-BB21-4ED4-B185-88CCADD4A0C0,1.0
season,77C2A0DD-7C2B-4395-A47A-62D2A764F552,0.0
season,77CD2DCD-433C-438C-B3CD-E18A17A44844,1.0
season,77E952BB-B36F-4098-8EAE-738A41076AB0,0.0
season,780BFA7D-9C49-445C-B438-6B9F3D503FE7,1.0
season,7826523F-5FA0-4A2C-AC27-5244C6E56343,1.0
season,786C9D02-1548-4285-81D3-47622AC4034B,0.42857142857142855
season,7896C954-245C-46C3-A987-10F0AB5CF8C5,1.0
season,78E16297-EF38-4107-AD36-AD31432CB9F4,1.0
season,78EA62F9-3C48-4A7C-865B-92B388C8BD1E,0.3333333333333333
season,79077955-678C-43FD-9DE1-7C2B37A405CF,1.0
season,790B2824-901B-456D-8008-8C3FC9903019,1.0
season,7918BC02-DB7D-42A3-9DE8-54713AA7C791,0.0
season,793BE66F-37F6-48B7-AD9B-91F6A3EF7649,0.0
season,795342F5-A795-4159-B997-223E1C6153C2,0.3333333333333333
season,7978D429-C2D9-4004-8E15-BDB21A971B6A,0.0
season,79D37AFA-A155-4766-B76D-CAF7CA969124,1.0
season,79EB307D-CEC5-4C22-AAC6-9A7CB5505CCB,0.3333333333333333
season,7A50BD2F-8753-481F-80EF-40996A603D1F,0.0
season,7A8DC92B-0427-4D4D-A350-16D8A414939A,1.0
season,7AB04D4F-12A0-4D6A-8F86-B6CC9D16E93A,0.0
season,7ABFA3D8-044E-48E3-9B79-FA02B9753BDB,1.0
season,7AC0DFC1-189D-4F08-9ABE-3ED4CC652324,1.0
season,7B02CCE1-1375-42DD-B606-CA733F02BB4A,1.0
season,7B37ADB4-DDF4-4FA4-9A25-6A93D4FB180A,0.0
season,7B641C3F-3E7E-4A4A-9803-FBB04A8DE3ED,1.0
season,7B6E7F64-E4B4-4423-A08B-6AD60F2E9EDE,0.0
season,7B707C24-32BB-4072-9CDF-201E91BC0C1C,1.0
season,7B7249A0-CEB7-482D-80D5-C12FCC8B54D5,1.0
season,7B833CE5-8B72-494A-8A69-50194D0C7850,1.0
season,7BBE31BE-0DAC-4FBF-8E12-A17DD9A3E152,0.0
season,7BCEF2B3-3D02-4D78-856C-F35F3C2905DC,1.0
season,7BEDE273-6A70-41EA-AF8C-FD59F83CA75A,0.0
season,7BFAA968-E905-434F-BBB0-FEC2224ED7B6,1.0
season,7C015584-7126-4AF7-B463-4E07063ED09A,0.0
season,7C486445-D139-4772-B30C-3D0A400F7417,0.0
season,7C760400-B81F-4483-8F1F-B50D538A9665,1.0
season,7CE8C274-C226-4D4C-8509-D45E8553AD72,0.3333333333333333
season,7CECDD15-83A2-423D-A23C-648930DAE042,0.0
season,7CF51143-6B5B-4D54-9D44-A4A06A9D0BA5,1.0
season,7D02568A-5FB6-4C31-9161-A3A8361BBAF5,0.0
season,7D35F7BD-C6F6-43AF-9A79-8D8F6446A315,1.0
season,7D3B0AC5-F132-47F1-B995-FE853C5E39A1,1.0
season,7D567327-255A-4F6F-9370-9C53706CA8DF,1.0
season,7DFF0883-7181-4D81-89AB-EDFFAB12AFB6,1.0
season,7E891A24-F517-43F0-A9FE-36CA7937764A,1.0
season,7EC658FC-6E37-4B43-9224-9A1E2EA8BF74,1.0
season,7ED22E9F-B329-442A-8CB6-8462440420EA,1.0
season,7ED3ABDC-F95E-4DF0-A607-BE0B1EB41FA2,1.0
season,7ED86BAA-8EA4-44FA-A58A-5AC539AE24CD,1.0
season,7EE19EFC-1C5D-43F5-8431-AAC0A2C62AB3,0.3333333333333333
season,7F0D921F-AB64-4B8A-85DE-B8D1F16A06EE,1.0
season,7F589BFC-FA37-454A-AEF2-AF66171A4D67,0.0
season,7F5D9DC7-47EE-4E76-A27F-D6B53B965D9D,0.0
season,7F696819-D906-438B-8175-253818930438,1.0
season,7F7E9B89-E310-448E-B5F8-7F40AAA58BB4,1.0
season,7FED7A3E-F0FD-481B-9274-EDEF00F8150A,1.0
season,7FF0D28A-5FD3-4244-AC13-CBCB36591ACD,0.3333333333333333
season,807789C5-C677-4FEC-B6B9-D1217923ECB1,0.4
season,80CF2752-128E-4D85-BA28-E3748A2CD638,1.0
season,80E4D685-6B8C-4DB9-A63A-1601B75EEE2F,1.0
season,80E50F0C-9F0A-4AC1-8431-190216C724B3,0.0
season,80FBD982-0490-49B1-BDA8-09AC49151E2F,1.0
season,8107D301-9E24-49EB-8331-8A3B40D722E5,1.0
season,811E8BB9-210D-4C81-B802-15D99DA6B09C,0.0
season,8197E081-786A-429C-A075-E60001450DD6,1.0
season,8198D753-3C53-4ED7-93F7-31C8C0E21A3E,0.13333333333333333
season,81A11AB7-6046-4029-A22B-DD81021A0DA3,0.0
season,81E4428D-992F-4843-B23F-748B5AF28CEC,1.0
season,820FDF8A-9356-49A6-9EB1-247FE26C5491,0.0
season,82169028-ED79-4A38-A52C-FDBF31E0BB6C,0.0
season,822C81F9-3529-4EBB-B157-5E402E664D6D,1.0
season,824B2F99-4EB9-4A08-ACF4-EC75CF2F438E,1.0
season,8253519F-6CCE-4DC5-9098-1F63CFC1DAF0,0.0
season,828B2767-408D-449F-B61F-EFE92BE4F839,0.0
season,82A68A31-C760-49E3-B113-7518D0330925,0.42857142857142855
season,82B2909A-9C01-48A1-A6CF-37410C3A9D47,1.0
season,82BA7F0D-45E8-40D7-89BE-4BAB07676869,0.375
season,82EFEDDC-85CE-47F1-B0BA-2C0C1C1A3ACD,1.0
season,832009BC-8C4F-4861-8494-B1F56AA1D574,1.0
season,8338BB45-F4C8-4719-B392-E976C64932C2,1.0
season,834FBC54-A19A-4D50-91D8-2E1760AB945B,0.0
season,8358BA75-57EE-4FB0-8451-0EE39B18054E,1.0
season,838D25F6-39E7-409E-9AA3-D530E860E45A,0.0
season,8399AC62-F34E-45DE-9612-608577ED372B,0.0
season,83E5820B-D2D5-49C6-A230-B4E666F6A60D,0.4583333333333333
season,845ACF0E-EF2A-47D8-AD79-3381B1EFAA59,1.0
season,8494B06A-168B-4F98-BE79-B94F06958230,1.0
season,84D7A30A-8D63-4085-BA0F-2F4CCD6C36F6,1.0
season,850C2134-91D3-4460-BAE5-60FE6357C6B7,1.0
season,850FB1F2-DBF5-472F-8269-4EEAE77C5467,1.0
season,8524583C-3D68-4A91-8B3E-5D61E4BC0A5C,1.0
season,8547410B-5BBD-44F0-A2DB-4E03837D2897,0.4
season,85A7EF70-1C7B-4D84-AC47-809B20BFA4FE,0.0
season,85B913C9-BF8B-44D7-9AAB-B111F7127545,1.0
season,85D8D351-AFE6-47A1-A670-CD6003DC0331,0.42857142857142855
season,85E5EE00-24C7-40F3-B772-60A4FF1871E8,1.0
season,86130CFB-8C6A-4FC9-B629-EE3A046184CD,1.0
season,86207CBD-D984-4733-ABF5-2C1BAB598A69,1.0
season,863CB830-9E29-4A83-97B2-A60060F61D47,1.0
season,8645F7DA-B41B-4064-A23F-8D336415B5DA,1.0
season,865225D3-165B-401D-B573-7DFCCEFB7737,0.0
season,8680504A-6983-4FF6-9847-8B7F2EBB8A32,1.0
season,86855D77-6A63-4E4B-8A92-4D99B220FE01,1.0
season,86A68190-F2B6-4717-A73A-D4AC08A9FE54,1.0
season,86D44452-7297-4FC3-8BC9-F91F4E1EAC24,1.0
season,86DB1DB1-0FE6-46DC-99E9-19A122986A32,1.0
season,86FF7B3A-BFA9-4F83-AE8B-7E3BD1B4BD8B,0.0
season,8705ACEC-62BC-4D7E-AFBE-6835EDDF7AF9,1.0
season,871B839E-BDE3-495A-9C41-BE6A976DEBC5,1.0
season,8735FBD6-F95B-4DB9-AC32-F92B98AA5019,1.0
season,873812DE-1737-4CDF-B872-1ECD9EA08EB2,1.0
season,87744AA6-EC38-42BC-ABDD-50ED3B9AAFCE,1.0
season,87C66F7F-56A1-4E3A-B2A1-C1E473666EF2,0.0
season,8812DE04-BDA9-4667-85F7-DEE802AF9920,0.0
season,881D2AED-6BE3-487D-AC5C-72878881A37D,1.0
season,8874E67B-B631-4B83-946D-52F2ABA8A0D2,0.41666666666666663
season,88C217A7-7CC4-4C76-9BB3-6DF0CEE18CC1,1.0
season,88CC9CDF-5FBD-4EB1-9170-FB1DA25BD8E1,1.0
season,89022C5D-4C5E-42CD-8FDD-B2E60D37ECF9,1.0
season,892118CB-4519-458F-98C7-53EEFEC1CF2C,0.16666666666666666
season,892AC421-F178-49C2-9F41-8C7EBAADB44B,0.3333333333333333
season,892C2FF0-9018-447D-801C-856E0480D060,1.0
season,894A138D-42D9-46D7-A28E-F993ECB12CD3,1.0
season,899C9908-349F-4AEB-978C-2AAF70E81D40,1.0
season,89EEC6BF-F95C-4151-B92E-494278FC2C14,0.16666666666666666
season,8A0F57C6-CB50-4177-ACAF-1E5E5245492A,1.0
season,8A43E7EC-5773-4500-AB46-5CB08E437F57,0.4
season,8A6D8756-F2C0-4CBF-89FE-A366BE45DF9F,1.0
season,8A9C6D28-8389-4EBE-94D3-B68DA63DA20E,1.0
season,8AB84E14-16EE-4004-AF8B-0FE7036392D0,0.4
season,8ADBDB9C-F5D7-437A-96F4-0C8990ECD4B2,1.0
season,8ADFDBFE-C96D-4581-8202-EE1350ECA5F2,0.0
season,8AEEC79B-2B6D-4E94-985E-BE21F430BB96,1.0
season,8AF051D1-B9D1-4E52-9FF2-B07E41E36078,1.0
season,8AFF738F-FC91-4637-8465-7D4686388D53,1.0
season,8B0F0826-50C9-4609-AC35-89248CB646A4,1.0
season,8B570EBB-5D49-4C61-9BA6-8AAC8EB98A4E,1.0
season,8B58FF53-E312-4B95-97A8-B319BB7E52EE,0.0
season,8B7F811B-6D52-4182-9D04-4C81BFDE59B0,0.0
season,8B878922-382C-4BFC-AD30-66ACEA25CB68,0.0
season,8B87F17C-45F6-4EDF-A1FB-29F0EE489A8F,0.0
season,8BA8697C-0A67-4C30-9C33-93E29881805E,1.0
season,8C0FB8CD-43F4-4C82-B5E0-4632A39B8F3B,0.0
season,8C274476-082A-4484-9892-B8E63659D004,0.0
season,8C5BA470-8006-46B1-939E-3CDA9DD1FD90,1.0
season,8C78D113-9467-4EC4-AF8F-4E59F5C993AA,0.3333333333333333
season,8CB73249-2616-40C0-B7D8-171E31238877,0.4
season,8CF9D940-7DB9-4AA2-AF97-C80F045FF80D,1.0
season,8D1013ED-0E8D-4DF0-B612-E3EFB23CFEB1,0.4
season,8D233BB9-1B5E-4383-B9FC-038F2C4614AC,0.5993589743589745
season,8D4BA1F7-DBD9-4B80-BD34-6FCE210D81F6,1.0
season,8D4DBBA0-0FB9-4D5F-8A3D-721925A73D1E,1.0
season,8D57D992-DD3C-4B17-A6A5-5AE7F3E9FBCB,1.0
season,8D75E119-1B14-4DAB-81F3-189490F6541D,0.0
season,8DD91897-1C0C-4250-AE56-905FE9F1C744,1.0
season,8E141355-17D4-42A4-BE72-E6FD557702F2,1.0
season,8E145587-1D86-4BD5-B188-DAE62A9BA57D,0.0
season,8E353F1E-164D-44F2-ADEE-37F42DB5F7D8,1.0
season,8E35F551-5E7F-481C-B488-A25C477DE4C4,1.0
season,8E3E06A4-7EC7-4342-9414-7325FF46F2BF,1.0
season,8E44C997-D196-48A4-9570-CDE892952A77,1.0
season,8E485987-1F45-43F5-84D2-A649EB18DD5A,1.0
season,8E7331B0-6330-44B6-9646-F9A5FB1A9BB8,1.0
season,8EB0D466-5E12-4364-8D3E-70BCFFFCB587,1.0
season,8EBB3587-3DC0-4A1D-A0C6-F391B05F9C83,1.0
season,8EBD74C2-0EC9-4FDE-B411-C14CE770706B,1.0
season,8ECC3C31-48FA-44F2-8912-C22D51783D9E,1.0
season,8ED78257-6400-485C-8142-751F70C17B88,1.0
season,8EE3B8F8-C4CE-4030-BD04-6D0AE9BFB9B0,1.0
season,8F1D814A-376E-4F40-B057-CE617AF950DC,1.0
season,8F5965FC-DB11-4112-9E14-915710C0FD5D,1.0
season,8F689F0C-DE68-4B1A-AE57-14D6A8353A9A,1.0
season,8F84831D-1161-4596-8BF5-3D41512F0E22,1.0
season,8F94391D-A348-4399-83EA-0238C8756915,0.0
season,8FF6B0A1-8E8C-4BA8-A2CD-DCA9602C1608,1.0
season,901BA84B-677F-46C6-ABD0-A26F1022C549,0.4
season,90452082-0D13-4FC8-ABD1-BF0CB751AD64,1.0
season,9064B845-EDC1-4347-B06C-C1B9696B62FE,1.0
season,9094CC29-4897-478B-946E-5D57B0A54F7B,1.0
season,90DFA6B7-19D7-4600-A756-220753ED9682,1.0
season,9105FC68-4C7B-4E33-B9BB-DBF250CC3D8F,1.0
season,912C8D90-3DA4-4615-B2A2-2E0FE7030246,1.0
season,912D1AD6-CB7F-4061-97E1-435E1B48BDE9,0.0
season,9199321E-3D67-49BF-AE9C-EBB796FEC721,1.0
season,91AC2107-55A5-4EA8-895E-2331F2292AF3,0.25
season,92942FDF-265C-4E54-B0B2-329E06A0357C,0.3333333333333333
season,92998EBD-7FEA-48F1-B828-B2BBC5DEE7AE,1.0
season,9299E72A-57A4-41B1-AF8A-EF424861F5AB,1.0
season,92BB70C3-BAD2-4EE9-B952-6DDA35324501,1.0
season,92CE2DB1-D5FE-4D23-B682-5CD97575B691,1.0
season,93033FCD-F9DB-4D27-B7AD-B04AD46085CB,1.0
season,936024D3-88B2-41B6-8B9D-2B9F08F73AAB,1.0
season,93611ADB-1426-4087-A79C-9BEA3C3FB572,1.0
season,936B0D70-53F0-40AF-8841-34A867D9FC4D,0.3333333333333333
season,938F0FF6-6FC3-4E62-8C6C-61971EF3F82D,1.0
season,93A98E84-334C-4302-9F1B-C090C2239C20,0.0
season,93CB62CA-A90E-42B1-ABC5-C3DC8113ED9A,0.0
season,93DAF1F7-9F29-4933-A3B4-7B8D97ABD42F,1.0
season,9428F7B6-88E5-4904-9172-E1A7146DC257,0.0
season,942C5631-548A-4988-B49E-238A9428AAE0,1.0
season,945DE077-334E-40AA-89DF-6FF02C25A591,0.0
season,947EE44D-0D46-4862-B218-A3A7B63A3108,1.0
season,947EEA68-8E8E-41E9-9927-CF1BF782B95C,1.0
season,94B2097C-2AF4-40CB-A1FD-A2D85A87BBC8,1.0
season,94B43581-2750-478A-8CB0-8D813955A043,0.3333333333333333
season,94BCB2FF-4556-4126-871F-071B27308C93,0.0
season,950632EE-6B88-4076-884D-911F9A6E0324,0.0
season,9508FBF4-DC57-4E19-B3F2-DF79211626DC,1.0
season,95275922-BD45-4E1F-9937-FA0EA04C7FB4,1.0
season,95491062-F613-4B69-A8A8-BF93CCAF1967,0.0
season,9559F807-70B9-4442-9BEF-AD0B8F96D03C,1.0
season,955F42D0-5B96-49FE-924A-BAA63AD43C0D,1.0
season,958360C4-4C70-4268-A83D-F16453F5E9EA,0.3333333333333333
season,958DDA44-36B0-4AFC-AC1A-12B4F5CD3B2A,1.0
season,959B0430-C115-495F-BCFF-83D0392E274D,0.0
season,95D3CADB-A9C7-4639-9933-8E20A4611E5A,0.0
season,9617AC0A-30F0-40D9-92E4-6052E1062A16,1.0
season,9626DFD0-2944-41EF-B59E-335DF0A1EC9F,0.3333333333333333
season,9628DD41-52E0-40C9-A28E-938D7A460FCB,1.0
season,962E0114-7C12-4CE0-ABA9-C18B4AE2C3D0,1.0
season,96392415-1444-4879-9F4C-2098B91CB2AF,0.0
season,96487C48-907E-4785-A8B7-E867C3094210,1.0
season,967E036C-2988-4F72-A1FF-19A2D70EB441,0.0
season,968F39F0-E05B-4425-A2D1-350641AC79E4,1.0
season,96BA5EAE-2E2A-47BD-8BFB-85DF5CED1F12,1.0
season,96F49E31-9679-4110-8A90-2429A5B7D19A,1.0
season,97047CB6-6612-47D5-B1F7-D4B48582CD90,0.0
season,9765A0E6-1192-4CD6-AB7D-F57880E6E4B7,0.0
season,977008E6-1B9A-40AA-A6EF-F7FB81C4CFE5,0.4666666666666667
season,98306C5A-E3DC-415B-B4F3-B4FC430569D2,0.0
season,985D181B-31CD-4A1C-9AB3-59E23BA6EEB6,1.0
season,98BAC95B-AEF4-4896-9241-670916526940,1.0
season,98D0D41A-69A0-40C3-91EA-A010F629A679,1.0
season,98EE78CA-4A35-4852-805F-A1D535869999,1.0
season,99125922-157D-405D-A521-8E9F89F90920,1.0
season,9930ECF5-41B2-469F-A0BA-EBD6F9578BC6,1.0
season,99A0A1E9-ED9B-496D-949F-33BBDB3982F0,0.3333333333333333
season,99C6B100-077F-4904-9816-E7577920F65F,0.0
season,9A02A610-FE22-41D6-963F-BBC104A83031,1.0
season,9A10DB44-3132-4EC7-80C5-6402CAFC1E53,1.0
season,9A15EF6A-2066-4768-9470-EC98215802EA,0.0
season,9A32028E-BD50-4927-8CE0-32DA8D5B4949,1.0
season,9A9B70AD-78DA-4FE9-B669-21BF375DF4E0,1.0
season,9AA36875-C819-41EC-B946-EABB92D355C8,1.0
season,9AB5CB9C-73DA-41A4-8662-3BFCAAE34589,1.0
season,9AD5FAC6-4F72-4F62-B271-E41E35106DAF,0.3333333333333333
season,9ADFF532-1A5B-4367-B16B-899BC56044CA,0.0
season,9AE9B8F3-AC13-4D8F-A1BF-6185272716B9,0.0
season,9B060581-35D0-4080-ACE9-C18B15EDB95E,1.0
season,9B3F8F3D-F71A-4DF6-97BB-3405984C04DF,0.4
season,9B69E1E7-5D7C-459E-A1D8-A1A2CEA020B1,0.0
season,9B7B4EC9-07A0-46A3-B7D0-5E2A406A1E5D,1.0
season,9B946C46-920C-4D3E-B3B4-D24F11F3B33B,0.0
season,9C431C15-0465-43BF-8ED3-12ED51BD6C3F,0.0
season,9C54808F-0989-427C-B932-643B2DA3DA9D,0.3333333333333333
season,9C9504AA-E369-4E7A-81F7-4357C6E8459B,1.0
season,9CC0A328-7DCC-47A4-85DC-228796A968AC,1.0
season,9CF8BF6D-416C-4657-A83A-379FDF3BA080,0.0
season,9CFD9559-0672-400A-971E-94547BD50A1F,1.0
season,9D06A873-E36F-41FC-9B65-B42730A4A414,1.0
season,9D453BCF-DC65-499C-9525-91EF98271B28,1.0
season,9D60BC6C-0691-4EFE-870B-6B284C88A01E,1.0
season,9D6D4EF9-1049-4050-9338-1AFCDD22BEEA,1.0
season,9D7C55E7-1E6C-400F-AC53-A5A53A3BB9B3,1.0
season,9D9965F0-26B8-4E31-BF38-5E95E0A9DC1C,0.3333333333333333
season,9DA95299-0E05-475C-822E-21BB9D78BEA2,1.0
season,9E1C3249-C9EE-4ED7-B8D4-97F5FBEEB8D2,1.0
season,9E2CF4CC-C8CD-4496-B2E3-CBF6B7EF2051,1.0
season,9E34276F-0B3C-428F-AF29-F73C567F2DF7,1.0
season,9E3589A7-0E03-4019-93C2-2EFEAD7DF670,1.0
season,9EB741FC-2640-4A45-ACB4-1EFCD5EDD0B7,1.0
season,9EB91376-28EC-4871-BC49-4CDD595C6248,1.0
season,9ECCECC9-A204-4489-8B5E-65BFC153B53F,1.0
season,9EF20BF0-8B3A-429E-83B7-9B49A8AECD42,1.0
season,9EFB217C-7A5C-4349-9899-B49DCC9A9EC4,1.0
season,9F06ABF5-000A-450D-B111-1E177A93E589,0.0
season,9F2C5CD2-0E8A-4082-9FF5-2AB5F8C6083D,1.0
season,9F57B23B-297A-4794-B5B9-CD6473B2FEBE,1.0
season,9F5B6135-1339-4CD2-BDAB-D0B1D1B27D65,1.0
season,9F960FCF-5C0A-4058-BE34-8BD3504A8E77,1.0
season,9FB10322-6C18-4A9A-A4EC-646A36835B1C,0.0
season,9FC9B863-662B-4FFF-B68D-D009CE3AD221,1.0
season,9FD9B6E8-A0BE-4EB9-8A9A-2FDE18FBF52A,1.0
season,A00FEEBC-5D69-4BC7-811B-576CD62FB46D,0.0
season,A01E42D7-7297-4C53-BF1F-A856555EB6DA,0.0
season,A029337D-30D1-4D40-8A5A-B8D2E5956920,1.0
season,A0337DEB-A043-4D73-AEDB-764158D0A24B,0.0
season,A052A5F8-F414-4DD0-A48D-AF64CA49BD37,0.0
season,A054A6C3-4466-440F-80C6-2FB2B6BE3BD6,1.0
season,A06C68A9-FE3B-43A3-9BA1-991E8ED274AC,1.0
season,A078881E-30D0-4E8E-9D37-177FE5C6875D,1.0
season,A07EB5EF-D10D-4277-8355-FFF555FDF06F,1.0
season,A0924CE8-C22E-4D4D-8D04-4A4C1CCB9515,1.0
season,A1400FD4-492B-4955-AD1E-C6989325B726,0.0
season,A15918FC-2CFE-48B5-A486-1E67B8EA3819,1.0
season,A1A71B78-8DEC-4F6C-A145-BC1C1D0C8D58,1.0
season,A1C5C910-88F0-4FD1-ACE3-1C0614FD6F6D,0.4375
season,A1D76F4A-0758-42EB-87DF-7ADEFF12C7BF,0.0
season,A1DA2356-D09A-49EF-8F3E-E5F758D2ED32,0.375
season,A20D1F7E-C9C4-4468-9BDE-EF159FF37745,1.0
season,A2107294-22E5-4294-893A-81B2DDC8BA2D,0.47368421052631576
season,A2114C3E-D855-4195-AC77-34C79653E99D,1.0
season,A21CB811-809A-4584-8829-06FFCEFD13B4,0.4
season,A2557A6D-023F-4FEE-BCB5-FBF3F7F032EC,1.0
season,A261D103-2C8F-4A9E-8CEA-C00F845FD869,1.0
season,A2638A89-6466-4722-A9DC-AA0D84159911,0.16666666666666666
season,A2B7D9C4-23E3-4A7F-BBEB-4F4FF14DFCEF,1.0
season,A2E8CCDC-8576-436E-B81B-3857C4F6523C,1.0
season,A36B8AB8-C2EB-4549-A0B6-E083981ADD73,1.0
season,A39483AC-6BFF-4E91-83E3-FB50594D9A04,0.0
season,A3AE686D-912A-4CC3-947D-7585BAA9C98A,1.0
season,A3B4ED87-082A-4271-995C-ADB670525BDD,1.0
season,A3D39E4E-D285-4A11-9D30-9F56C62388D5,1.0
season,A3F7459E-3C26-408D-A864-03E96680985D,0.3333333333333333
season,A41E8E73-34A3-458E-9A54-C36926550CE8,0.0
season,A4315A68-CC32-4A5B-B297-1DBE28B3B9D3,1.0
season,A43F666D-23C6-4E29-8532-27C2481D8B09,1.0
season,A458CC9C-24C4-4D82-9B13-5DD51237CD30,1.0
season,A45B2465-4487-4683-879B-CA49048B4CE5,1.0
season,A46B9774-716F-4D67-86B6-674A6F91AFF6,1.0
season,A49EF9B0-DFEE-4E41-8C09-9D12819FC1A8,1.0
season,A4C2DCE2-356C-4F9D-B687-A8404FC1E2CE,1.0
season,A4D84D3E-E87A-4BD2-AAA7-442CA004F0A1,0.3333333333333333
season,A516E3E8-A71C-47F9-8DB3-D31ECA34DB4A,1.0
season,A518BCAE-694E-4BE1-8FC8-C10DC4A96CC2,0.0
season,A54FB3D1-D580-4DE7-ACB4-5912D3EB77D7,1.0
season,A55BD79A-D14D-4452-ABC0-8CD1EBF8BF0E,1.0
season,A580E38A-B6E5-4725-BBE4-EBAACBCEDDA2,1.0
season,A590B890-A3DA-4B33-897B-4D992100A359,0.3333333333333333
season,A5A0CA36-E997-4625-9CB1-81C9832DB31A,1.0
season,A5C69200-0471-4366-B137-DAD0F7B382A1,1.0
season,A5D063E9-F859-45A4-966F-0376B46985A4,1.0
season,A5ECA1F6-435A-4554-84EC-F77FB45D7838,1.0
season,A628988A-E074-4852-812C-2B5F499740A0,0.3333333333333333
season,A64F9DED-7268-4BE0-9039-D07A6382BEEA,0.3333333333333333
season,A67797D9-BE99-4C88-AB56-130FDEE59758,1.0
season,A6A653B9-1F65-45EE-B80C-FAE8ED5D5E8F,0.4
season,A6AF5D76-2BA3-4D91-95CB-551AFD923BEC,1.0
season,A6DE70DE-9669-490A-8017-F2A3B2813074,1.0
season,A7315C0A-03D6-4697-AFA2-85E6E78F6E5C,1.0
season,A73911AC-32F7-409B-A86C-5D488211EA09,1.0
season,A77DF2D7-BFE8-4EF2-8367-ED9B0B18ABE9,0.0
season,A7BE2A6E-3140-46DA-9F62-07C4209ADD0C,1.0
season,A7C8DA06-A560-4B2B-A663-69777FC1FB31,1.0
season,A7CEDBD2-3133-49F9-A136-104334CDA9B7,1.0
season,A7FFBF07-B9C9-4BF8-849E-852DC2B9461D,1.0
season,A8290FE4-6A65-4828-BB3F-C792A2E104F2,1.0
season,A8450D4A-197F-4E9F-970D-10E463E4D9EC,1.0
season,A8537FDA-AE6B-492B-BF1E-F7B7472C3E33,1.0
season,A8809B5C-4694-4CB3-BEC1-33889C161121,0.3333333333333333
season,A888B237-CEEC-47C7-8029-1C2FE8BE4106,1.0
season,A8D7E677-FDCC-455C-90AE-286256522B94,0.5333333333333333
season,A8E83416-BB12-46D1-898B-461E41E64078,1.0
season,A91679CE-499B-4C7A-A64B-81EF78E47C00,1.0
season,A92419DB-738C-4B74-A945-EA2B0D69DC39,1.0
season,A9327F52-ADEE-4555-9DB0-B35E8486831E,1.0
season,A93B7E7B-19A9-484B-A2AD-1FDF9133C107,1.0
season,A9909D4C-CF49-4EAE-A8EA-E5099BFFC20E,1.0
season,A99D901E-285F-4E96-ACDD-D8AA944774D8,1.0
season,A9AC12CC-3C8A-42D5-85A9-7A97A7D6930C,1.0
season,A9B622E0-0B69-4376-B54B-896897AE975A,1.0
season,A9CB0675-7367-4966-94D5-D7998800CDAF,1.0
season,AA342490-49D8-4A45-944C-C947AC0D5A3A,0.0
season,AA3C207B-7A7B-4CF5-B0CD-6CBE371691D8,1.0
season,AA419B04-407C-4DB3-9020-AF09930FDE30,1.0
season,AA47D31C-D995-4B21-8556-2B31669E22CB,1.0
season,AA610FBF-62CF-4B6E-A353-549229F7A91C,1.0
season,AA6FD516-F441-439F-84DA-BE0C4B8C2202,1.0
season,AA767DA2-A898-484F-8843-FBE88644B67A,0.0
season,AA82BC47-2F92-4DBA-B3C7-A9DABB2094EF,0.0
season,AA930DE7-359C-4289-BE5F-63A08993C401,1.0
season,AA999D50-631D-457E-8822-521EE817E9CF,1.0
season,AB331314-4938-486F-9608-87078F56E79B,0.0
season,AB3EF182-A5A9-4D90-A7BD-A1566C79AD9D,1.0
season,AB9FEFD8-E9E4-4E9B-B3C5-2D65C96B7A1F,0.3333333333333333
season,ABE0C9B0-BC3C-4332-A783-081DBC83FC93,1.0
season,ABE43AD3-9E16-4DF2-8375-1B3658B744AB,0.0
season,AC211C86-94B6-4944-B3AF-A66EFD3FCB4A,1.0
season,AC3A341B-F534-4855-8D78-F84EF7C11C60,0.3333333333333333
season,AC76E231-F954-4069-B249-A4734268B65B,1.0
season,AC99AEBD-3D13-4E7C-A76B-FFEF05E3F3CB,0.0
season,ACE73FCB-8B11-4A2F-8A97-4E2EF39A8130,0.3333333333333333
season,ACF5331B-2AE1-4F5A-B98B-B61C2FC4D95A,0.0
season,AD02C335-67DD-4DBB-8AD9-93295D7FC112,1.0
season,AD0F9F21-C097-4E99-812D-212F229C4DF4,0.0
season,AD30CE50-DC20-4FE0-A907-D27701D28AD1,0.0
season,AD491496-DBC0-44C0-92D2-AB4C5C74940A,0.4151515151515151
season,AD63A999-F529-4B02-A2BE-6CA41712D312,1.0
season,AD70DBFC-711F-4E2C-ABBD-BE55046F632A,0.0
season,ADA9CA4B-7FDA-4CCC-AB0C-792BF82665F2,0.0
season,ADDD2CDF-AE46-42EB-9466-C049354482B9,1.0
season,AE0FE04F-0F29-43C0-8AAA-713014358840,0.0
season,AE8C9DD0-34C8-4D80-ACF7-EDD445A60B2F,1.0
season,AE8CCF26-31B8-4B32-9284-383CA89DD0EC,1.0
season,AEEF86C9-3314-460C-8145-4474DE95D9B7,0.0
season,AF0B815A-9FE1-4ABC-9564-241FE8683432,0.0
season,AF0CF105-B98F-40A5-BB8F-BF86BBC29CBC,0.0
season,AF1C68BD-1B27-4307-9EBF-CF4FE6D47C81,1.0
season,AF311559-2BE4-4C66-A6CE-73B9E78EAFAB,1.0
season,AF4636BB-C20B-47BC-A398-28E37CEC5EE1,1.0
season,AF4AAED6-C14E-48BB-94EB-A835F8BEB9B0,0.0
season,AF73739A-B109-44C0-8ADB-4FDF2AD3A719,1.0
season,AFC7E64B-2D21-436E-882A-D982F3AF98EA,1.0
season,AFD438D6-CD4F-4982-90FD-E889D16DC779,1.0
season,AFD5B11A-987F-4788-B458-704D48A25AA2,0.0
season,B02021AB-B2E6-49B1-AE48-8A5584877ED5,1.0
season,B02D9C3D-AEB6-4CFC-81A9-F64A637A96D4,1.0
season,B03B4540-F8AC-4D8E-9F83-C96243C71CB7,0.0
season,B043B518-4F17-4D8C-868C-0A576792A2BE,0.3333333333333333
season,B056B0D8-1396-446B-AEA8-54A88CB6DAD5,1.0
season,B0600F13-803F-4AC1-96E1-10874AF3D139,1.0
season,B063CAED-E45C-4616-A5CF-F7DEF8560C0E,0.0
season,B08B9828-DC50-4452-AED8-A8002BFAF359,1.0
season,B0A5F6CF-87EA-4FBC-BE29-E68D0E1FE98A,1.0
season,B0CB74E0-D2B7-41FE-AE00-8512A16F2EBE,0.42857142857142855
season,B16B2173-ECBF-45C2-857B-F9AF966E07EA,1.0
season,B1831D14-C7AE-4BB9-BA3A-C13C84E86149,0.0
season,B194B40B-D7CC-4DE2-B49A-B03962FA5FCC,1.0
season,B1C641A5-7B98-4ACC-9247-D1C0DFCF971D,1.0
season,B2290795-D12F-4127-BCEF-E26B64915270,1.0
season,B2449B93-CCFF-428A-9CCD-EF65514E7AA3,1.0
season,B25DA952-EED7-42AD-A3AC-A6464565A7AB,0.0
season,B26BE019-BEA4-438C-8829-4EDC1280BE75,1.0
season,B2749059-7C21-4ED3-A399-978752166228,1.0
season,B2BDFB68-FD8A-497F-94F9-C879D51526A1,1.0
season,B2E75BD5-1726-4499-A43B-157273163581,0.0
season,B3222CEF-38CE-4C90-AA58-A727FF78D268,0.5833333333333333
season,B33216AE-8698-4E51-B6E8-BC7CD8C3EA17,1.0
season,B33C5112-FF29-46DC-BB0B-4BC4C9B2044A,1.0
season,B3583EAC-5AD1-40AF-AF8C-F6F3884D7F14,1.0
season,B3E52A44-868A-4FD8-A725-9B94D7E25230,0.0
season,B4339821-7DE8-4E29-889C-DC585D8B8230,1.0
season,B4399765-30F2-4923-8B5B-D0A6DBB17207,1.0
season,B44F42EB-B97B-4FB4-A666-018FB3B417CC,1.0
season,B45F90FA-0C97-461D-B422-6938B982620D,1.0
season,B4AE0B4C-3B3A-41F5-B43C-70EA2AC59347,1.0
season,B4B6800C-E2CC-4569-80C4-F852D50591B3,0.4857142857142857
season,B4BDBB64-3909-4045-83A6-ABD9B2DCD8E2,0.3333333333333333
season,B4D7A991-AFF1-4AA3-BEB5-DA923D64AFDB,0.25
season,B4DEB560-5FDB-4982-ABC7-6A7D22533027,1.0
season,B52A4CCE-BC09-431E-B76D-4D1951E1D70B,0.0
season,B5597582-151A-4A6D-B51A-1D15DD4E3EBC,1.0
season,B5604CED-5D6A-4FDB-A252-6E7C74706FD1,1.0
season,B56168D4-FF97-4937-8817-C12617A102AC,1.0
season,B566D760-6579-4630-B2F7-B3ED14BB1730,1.0
season,B57877B8-52DF-4D64-AB10-BAAAA3F503A7,0.4
season,B583FF2D-CC49-4023-BB8A-A54E145B9E09,1.0
season,B5B51E03-095B-4552-9FC7-8E8DF40A6594,0.0
season,B5B5A106-AECB-4B91-A644-9062453B0C96,0.0
season,B5E6D0C7-3454-41B6-A667-4AD86F90B23B,1.0
season,B626E78C-9FD2-4163-82A2-ADA183E621F3,1.0
season,B640922B-1DDD-4F90-99DE-385EF2B21962,1.0
season,B649455F-914D-492D-8701-ED73DD3C3099,1.0
season,B65B2856-6632-4BA3-94A9-38D02ED6DFA8,1.0
season,B6616332-2A08-44F7-B40C-E5D651B8B2B4,1.0
season,B68A0F16-F421-4016-B183-D69E4749343F,0.0
season,B6CECCA0-A31B-4BB0-B46B-E38A17D9B3B4,1.0
season,B6D48461-1B34-4BE2-819C-D567CEFE69FC,0.0
season,B6F9ED63-D1E3-4A78-AF3F-7BDD9A8D47D6,1.0
season,B72CD023-D869-4643-BFC1-3F1607F9C9EB,1.0
season,B745C60F-7904-4307-80A2-A5688D1C3E2D,1.0
season,B7625192-683D-4549-914A-A0BE9B7E8F31,0.48464052287581705
season,B77C76A9-036C-497D-B02C-66475B96E428,0.4
season,B77DEB06-C034-43AA-B5DC-41A274D1FDED,1.0
season,B78B72F0-2096-4358-915B-B398C29A7488,1.0
season,B7937377-CDD4-484E-A435-9FA4D285CB46,1.0
season,B80CCEAA-48E0-40FF-952F-0CEB09B08D32,1.0
season,B80DAA3A-3E63-4629-BA63-972EEEA21D40,1.0
season,B81450E7-51A8-44E9-A084-D88AD17DC4A2,1.0
season,B81D410A-2437-4F61-8AD3-6F170F4AC816,1.0
season,B8606AB7-7589-4136-81E2-68571F667240,1.0
season,B878BB4E-18CD-4965-B4E1-0C178A75E550,0.0
season,B899F9D9-C369-464F-AC4E-A056534D728B,0.0
season,B8DD7506-0329-4C48-AFF6-0DAF2DAB5ECC,0.0
season,B949B249-990C-499F-BFD2-8DFEF741B669,0.0
season,B97971BB-E231-4E4D-BAEB-19634928B85A,0.3333333333333333
season,B97F5891-8FE7-4BC9-BB99-EBA8E7FB7B7B,0.0
season,B982BB9A-E3D5-462F-89F8-B778AD583249,1.0
season,B984EA6D-57CB-4882-A3E9-1D4CF6C3F295,1.0
season,B9DFEFEA-11A6-44E4-B139-2074BE5AD8EC,0.0
season,BA472E7F-0FD6-400A-B4C8-02C2CCD87437,1.0
season,BA6617D6-8B5A-4E8F-8BBD-239E19B10962,1.0
season,BA69223B-0427-4864-897D-36F3BFEA955C,1.0
season,BA7CB002-5D2B-48B6-BAE2-29C14B43C11E,1.0
season,BA9DDC3D-4A87-486B-A1B8-18CDE182C05A,1.0
season,BA9F1024-9F13-40E8-B2BA-F9146C0B73F2,1.0
season,BAA7297B-4668-4791-A923-3BB3F2C0EC52,0.0
season,BADBABC8-C532-470E-90DE-13F5C6C032C1,0.0
season,BB069E57-7068-4A1E-9298-E04113E7285D,0.0
season,BB14D04D-2168-4C86-95CC-22BD19F0082F,0.3333333333333333
season,BB38D6C5-6EAA-4C47-846D-93EF6550A612,1.0
season,BB6C5076-2049-4275-95EB-749E1B98B6B7,1.0
season,BB7B3CE5-3B1A-4A4D-81B5-AD3361E8E848,0.0
season,BB808F60-889D-4CB0-A19D-A2846C99571C,0.4
season,BBA09175-1C1B-4057-8815-6D05229A6E40,0.0
season,BBAA48EE-A009-4DD2-8432-BD252728AE03,0.0
season,BBB7B866-8C0A-473A-94BD-23C185557278,0.0
season,BBE1CE94-2735-466E-A27F-DF5065B6A1BB,1.0
season,BC0750B0-70F8-495D-8D99-975DEAC9F5AD,0.0
season,BC19E869-B605-4FA0-92E2-6D3E50CE7A48,0.0
season,BC584A4E-CC2E-4575-99CF-FC047A70BDCC,1.0
season,BC73F167-0208-4D65-A206-558CEEE14F51,1.0
season,BCB8701A-8EF4-4FE7-A651-DC4129193484,0.25
season,BCD7061C-C619-4B8F-A931-DF7221477A24,1.0
season,BCDA43F5-95B1-4A1C-89F7-CC86F0718698,1.0
season,BCFFEC12-50A1-48C7-8CDC-09539273B937,0.4
season,BD0E7F65-08CF-44E4-9333-DEC87540F3CE,1.0
season,BD201539-BBA7-41CA-80F0-D057264F4262,1.0
season,BD42F95F-948D-469B-AC4F-633BF64DAA2D,0.33221099887766553
season,BD5738B2-7BA4-4ECB-8535-EED8EB06630C,0.0
season,BD5B1200-9174-4062-9426-3D1E3B742D85,0.0
season,BD7CA227-1289-4CC2-9275-281C3F406843,1.0
season,BD8315D9-3703-4119-BA13-87D860538EE3,1.0
season,BD9062F1-CA59-438A-98C5-79E968F8976F,1.0
season,BD914F0A-9192-465C-B0CD-7736621609AC,1.0
season,BDDF8DB5-810D-48A9-AA30-E723E0C38500,0.0
season,BDF0A61F-32ED-4F4B-8BF7-1038D4BB69D3,1.0
season,BDF5172E-CD25-4A9D-AE42-B27032321AB0,0.25
season,BE0D7824-7F57-4417-81F9-1CC20C11D95E,0.3333333333333333
season,BE20C5D4-4B21-4526-AE04-A6680085B135,1.0
season,BE2C0694-F1AD-4B72-8865-84CC8F31A25F,0.3333333333333333
season,BE5565B7-B061-4599-89F3-FF0E4CDF0694,1.0
season,BE77EFD0-12B7-42A7-898E-7542D7FCCD75,1.0
season,BE9C5421-4D22-4295-A94D-9126F12EF481,0.0
season,BEAA22A0-F1E0-46CE-B310-C654592D5FC4,0.375
season,BEBAA490-2D81-4DFA-AF8F-FB81BCD9C4D9,0.0
season,BF25A0B3-0667-4162-A8A8-88286EAE9F49,1.0
season,BF25B1EC-903A-476F-B16E-9F7C299CDD0B,1.0
season,BF2F5CFC-9553-45A8-ABB0-1D2BC088E3CE,1.0
season,BF5AD42E-9F5A-4DA6-9503-5F5672E9848F,1.0
season,BF5D1835-F4C3-4E30-9D41-0B1716F2ED97,1.0
season,BF70C9F0-A27C-4718-A3F4-E8752349FD34,0.0
season,BF77D15D-B5C8-4719-999E-A925FA406B25,1.0
season,BFAA72DE-A346-4120-8B32-D88E8AE59E2F,1.0
season,BFB251F8-49E6-4FB9-A85C-C6C9A1D468BB,0.47058823529411764
season,BFC8DFF2-B78B-4EB3-9A4D-47DB643EAAB8,0.0
season,BFD8ED0B-AC0A-473E-B909-4E8F7EEBAFA6,1.0
season,BFEE6442-D60E-4155-8460-DC024CD87A78,0.3333333333333333
season,C0590731-9847-4A00-9FCE-8A5D49AAA608,0.3333333333333333
season,C0A93EAE-F6A5-4FAF-A0C3-927D30FB037C,0.46153846153846156
season,C0D27C9C-02A3-4FFE-B15C-0AC1F0E248DF,0.0
season,C0F73C22-6F6A-4FDE-8A1E-31F55FED0A53,1.0
season,C156DFEE-D79F-44A2-9F0D-EB7445C36EC0,1.0
season,C159A53B-D04A-42BC-A5A3-06239302E0E4,1.0
season,C15C02A4-63C7-4901-8E1D-A140EE486D9F,0.0
season,C18E309F-D2A6-48F6-9427-B777A2EEDDB2,1.0
season,C1902488-26A1-4FE4-A7CC-1711743B6629,0.0
season,C190BC05-55EC-43D7-9112-04E6650357C2,1.0
season,C1C046A2-8CAB-4E8C-ADA9-5CDDCD2E1006,1.0
season,C2125205-ABC4-4C01-951E-092D53E89285,1.0
season,C22F6331-A8BB-4D65-ABC0-9D60F837778F,1.0
season,C27079A5-6EE8-4508-927E-A8B22A497855,1.0
season,C2B5D948-0DD7-411E-9E6D-29A585E4ABEE,0.0
season,C2CD7A19-BDBA-4185-899A-B647ACA3B044,1.0
season,C2D5308F-EBC4-4175-9F4A-2F4F07DE37CC,1.0
season,C2D5921E-4848-42B1-A64E-DC37B97CA199,1.0
season,C2FD9516-AD61-46EA-8E39-788DE2D456D3,0.3333333333333333
season,C3090CDE-D986-490C-9E0B-31F38B3A1AA8,1.0
season,C32CE3F6-A417-45E8-8696-7E64AC1D5661,1.0
season,C3BD81EA-EF8E-4BA7-87D8-384887F271CE,0.4
season,C3C553C6-BFFA-40A0-AEAA-9C10DEF5FF18,1.0
season,C3E4664F-2BC1-415B-A503-2472BC9CE550,0.0
season,C4B3CA2E-6AB6-4D9A-B31D-4E0B157D1820,0.0
season,C4EEE0D7-28C5-4CD3-A40E-53DD5C071131,0.16666666666666666
season,C51DA1C8-7C07-4B65-9A67-148A884E97D9,0.6190476190476191
season,C53F83B2-583F-460C-B98F-AB23640EA460,0.0
season,C55C59CF-6675-4A7D-8A67-130609851333,1.0
season,C5A020AB-C484-4450-BDAA-C5A207D32114,1.0
season,C5C70223-DD8A-4D58-9AB9-2478D8AA8D54,1.0
season,C5DEE190-639B-4EDC-86D6-68B660F6BEC3,1.0
season,C5F77073-A3B1-4E42-9D47-7D7ED6DCFBBD,1.0
season,C6394499-FFD2-4AE0-8E94-DF5C6CE2134C,1.0
season,C6A7333A-0C90-4DE2-821B-3784CC5815A6,1.0
season,C6B16FFF-840C-46A8-B7E6-5F85D72700C9,1.0
season,C6BAC3A5-A820-45FC-9677-74AB0CA04DF2,1.0
season,C6C40DF0-E6A9-4370-A2AB-066A53B7579D,0.0
season,C6DA8344-2F8F-4421-96B4-4BB744D6AABC,0.3333333333333333
season,C6E1E04E-990C-422A-97FB-AB2D12C09709,1.0
season,C6ED5C44-4BE7-40EE-9F3F-D29F1207D874,1.0
season,C70DEE68-F7F0-41ED-BFD9-91C1BA5DE0CF,0.0
season,C7439C22-3E04-4520-BA37-3ADFF48B45D4,1.0
season,C7643068-6641-4D7D-99B0-0798733425EB,1.0
season,C766E46C-D262-4F36-9676-E1FFAFB47EED,0.3333333333333333
season,C788DB33-CF79-4727-AAAF-19EFCFB64207,0.3333333333333333
season,C7E7885A-DD6F-4FD6-9588-40C222454690,0.0
season,C81D0967-D676-44C0-A90C-022D66C47AAE,1.0
season,C8426E26-8B72-433E-8E86-0293B668C468,0.0
season,C904910C-731E-45B0-B7A5-DC0A46869032,1.0
season,C91C1AB9-36A5-43E9-BE2C-D7675FD3B450,1.0
season,C9374E8A-5432-44CA-98F9-BBC54D5AA4D6,0.42857142857142855
season,C938C04C-4D92-49EC-A792-CFCB43F78941,0.3333333333333333
season,C96D4F5E-9490-4E1F-B227-5C3A18F29BF5,0.48148148148148145
season,C99E7780-3385-4718-ADE1-DED495BF81CB,0.6666666666666666
season,C9A0AD51-1B28-4536-9C0F-5A422E8ABA84,0.0
season,C9A68D30-547B-4D57-AFB3-C1C2D8854753,1.0
season,C9E49D4F-4CAE-45E7-B393-5BBD60D0B4A9,0.46153846153846156
season,CA07683A-585C-4493-8A60-793C38820094,0.0
season,CA085EBC-D07D-4793-97C8-CF02FFFC11AF,1.0
season,CA1570C4-436F-4595-ADF2-335B9948AF13,1.0
season,CA3F0450-7538-4E48-B93B-2550DA422C39,0.3333333333333333
season,CA3F7141-EA44-4893-A30A-5D562A7934E4,1.0
season,CA506097-5478-40FF-AEC8-89C793672526,1.0
season,CA5AE868-9B42-4E07-9CA9-8B278C90140B,1.0
season,CA6E2C88-F0D7-4F72-BA7E-FA87111FD26A,1.0
season,CA6E4CD8-2B41-4C8D-A712-C620607C1AB5,1.0
season,CA79F4AF-223E-4912-A463-AE9BA6A9EA77,1.0
season,CA9E1990-EB43-4AFD-BF60-D2E710CB0EDE,1.0
season,CABA74AD-4164-44B4-BD7C-7503BECBF330,0.0
season,CAECE8FD-D06F-4F0C-B176-0060D139108D,1.0
season,CB16E747-9AEA-40D6-AC89-CA9583A42E74,0.3333333333333333
season,CB1FC193-DA04-4AA3-AEA8-BAC45CB79E30,1.0
season,CB3A2ED2-279C-4D25-A024-182BEE621FE7,1.0
season,CB58B9CE-484C-4909-8F18-0D8A0A0927DF,1.0
season,CB86E3F3-3EF8-4A1C-9064-93DC5375A0F5,1.0
season,CB9A62F1-E952-4E02-9BB8-7C0EF1300B50,1.0
season,CBA13123-2599-4C38-987C-063BE2582908,1.0
season,CBF34076-452A-4F78-86B3-444C32B43BFA,0.3333333333333333
season,CC8BA913-5529-43D0-A73D-96475BEB308C,1.0
season,CCB9E57C-56FA-4A46-B16F-9805C88A2D7C,1.0
season,CCE6AF32-462D-404A-8D91-5382592C00F1,0.3333333333333333
season,CCE83B26-E80C-4DD2-9006-E23DEF7E6F18,0.0
season,CD787B4B-BDD5-430F-9292-6A0E08362251,1.0
season,CDB9BBB9-6722-4B15-A254-969AA1CB9301,1.0
season,CDD1772A-E767-4A52-B4CD-F100AF81D117,1.0
season,CE64EE1C-40F4-44C3-90FA-A99A8A9AF79E,1.0
season,CE659696-7BA8-4FE3-AAA8-A13425293CE4,1.0
season,CE889082-9005-44D6-A227-D3B744E960F0,1.0
season,CE8C1A06-AFB1-4610-B2EF-3E43EAAD053D,0.3333333333333333
season,CE9E6E27-C429-46C1-BA5D-3CA1CA6F32E6,1.0
season,CEA390CF-F076-43F9-8EA0-B82DF95483D6,1.0
season,CF0274DA-BB04-43CE-8250-044FA6AF966E,1.0
season,CF1EE858-3AA9-471F-AE47-87400415A125,1.0
season,CF499E30-3701-408E-B290-CBDC1AFDF7AE,0.0
season,CF5080D5-5DF9-469F-B62D-F34336B7167C,1.0
season,CF7E4C4E-65F5-4CD0-BD99-92A1C3755E2A,1.0
season,CFB34BF5-F351-481B-B20C-E8B97942815C,0.0
season,CFE0605C-F738-4992-BD2B-6AEBC3857DCF,1.0
season,CFE41B85-C2B8-4580-9511-F7B5DFF5D9E4,0.3333333333333333
season,CFF19304-3163-44E3-9171-438F3DBB949B,0.0
season,CFFED60D-1FB0-4A4B-BB61-765975FCEBE0,0.46153846153846156
season,D020ABC7-E427-4728-91B6-7617931E2482,1.0
season,D02BDB4B-8244-41ED-A2A6-B2328E7F8CAC,1.0
season,D0414777-284A-420A-9DF8-A4458FFE284F,1.0
season,D051D454-5844-47C1-B02B-B108E3CC24AC,0.2857142857142857
season,D0A4C128-2DA8-4717-BAC6-AE7B15AC105B,1.0
season,D0BA0D71-5D15-4522-9718-6B21457BF333,1.0
season,D0DCAF8B-078B-4032-B59B-375B8789A05D,1.0
season,D0F34009-696E-4ACD-844F-CDEFF7555810,0.5803921568627451
season,D13F8C12-379F-4010-98DB-F6D91F7B2528,1.0
season,D156219C-6B4A-4CFC-A557-8E49305A73B2,1.0
season,D18D774D-2C6A-4329-9D69-B4E578EBF8DE,0.0
season,D1EA64F7-520B-4E21-AC39-D05BFCC2ECDD,1.0
season,D1F607E6-39E6-42E9-99B7-C29822AA0806,1.0
season,D206B766-D31F-41EE-9BAB-AF7AB54ED65D,0.0
season,D2232545-450C-4B1A-B781-677F9FC4A404,0.4
season,D254B821-8555-44F0-8D65-1B67C2A04065,1.0
season,D2ADB68D-A397-48AB-BDCD-D173CA78F600,1.0
season,D2C39615-B9CB-4276-B2C8-868DA1A2174D,1.0
season,D30F44AD-FCA9-48AA-B9B4-C9A8932134DF,1.0
season,D32E5005-0B4C-4084-8C8D-FB0151EAF966,1.0
season,D35FD780-237D-4F1C-A275-D6C584E23762,0.0
season,D3812DA6-536C-45AB-AF00-D3DDAF615AEA,1.0
season,D382FD88-AB66-4883-87BB-4C5F2D6160BB,0.0
season,D386CC6E-1147-4B7F-B912-D1EFE30A68CC,0.0
season,D395A4C9-C802-44FD-831D-96011DFAA851,1.0
season,D39F5B7D-BC02-4B9A-A9F5-4A46D280C1DD,0.0
season,D3B063EA-9F53-4C29-BCC1-D976DC8B8CF8,1.0
season,D3D590C0-BBDB-4FF0-8FD0-137291D60297,1.0
season,D3D74999-4619-4420-B14C-2DE04888FD41,0.0
season,D405820B-E9CC-4E82-A583-0896EE96D554,1.0
season,D41A40B8-B3D4-40C2-9B52-557B3CE18BDF,1.0
season,D447537C-3065-41CF-9632-1087F2C7CAA2,0.3
season,D456B8C7-4FD7-4BE3-A42A-AFD102A5F1B0,0.3333333333333333
season,D45CCB10-5B44-4D22-9693-B693DF79E1C3,0.6666666666666666
season,D464D61C-CD9B-4B03-A53A-D1619AD1FC36,1.0
season,D4653F92-5380-4649-8C44-5DFD1048982D,0.0
season,D4AE4108-73BB-4ABF-824E-874158B9CC1D,0.8148148148148148
season,D4BA2E93-0D1D-4CBB-B3BA-AC639C9CFA1F,1.0
season,D4D2BB11-25FC-423C-91C9-D438B0A8C39E,1.0
season,D500283A-3E60-429C-953F-9F1FD34125DC,1.0
season,D50ED14F-678E-432A-BBA8-B1832D21CB80,1.0
season,D528CEE0-163A-48E0-B90F-2A90A34D725C,1.0
season,D52F3DA8-0AFB-4A70-BDD7-148003F211C5,1.0
season,D52F6C04-5D71-4CAC-B62A-F3B80D37E4C1,1.0
season,D5A89CC6-97C9-4B9E-BA9B-6BA9FCC1F067,0.0
season,D5B08F58-FE7D-4BA6-9176-544B6329DBCC,1.0
season,D5B25B0C-B0A5-4FA6-B56B-C4BF4D1857C2,0.0
season,D5B47A59-85FA-424E-B0AC-D7F9EA3134D8,1.0
season,D5E8407E-9C9D-4D0F-A8EE-3AFE7E38F3DE,0.0
season,D63BDB7F-AE8E-4DD8-B79A-AD580B995CDE,0.0
season,D6583249-BFA5-4EB8-8EA6-77029344F2F3,0.0
season,D69A5A47-12E8-4AED-B986-0C4A9E489778,0.0
season,D6A02915-362F-4C5F-B62A-C2E144BD2A6D,1.0
season,D6C09929-0DC8-4363-BD19-C9380F913364,1.0
season,D6C11524-54B7-4820-84A8-3AFAF18CD2A2,0.25
season,D6C583A9-759D-4123-BF4B-31AC44B46103,0.3333333333333333
season,D6CFFB21-0797-4ECD-8984-328D30D1BF24,1.0
season,D6D10ED7-0DC0-4F23-9729-83929F701D54,0.0
season,D73936AF-FC51-4DB7-A7B9-BAA1C5A52EEB,0.25
season,D774F386-A740-4722-9E7B-206A055495D3,1.0
season,D77B5A50-6B8F-47CD-AAE6-A62D61070B06,0.0
season,D7A04C90-9109-4702-A0AD-3395F5E04365,0.43333333333333335
season,D80D9926-CC9A-464D-85C9-B97955507AE0,1.0
season,D83F5330-0EFE-4235-8018-AA3BF1AA8737,1.0
season,D8478088-C701-4975-8ECB-A763E3622B73,0.3333333333333333
season,D86573AD-DE72-4302-B551-F8A1F7E8A3DF,0.0
season,D87466A1-D9DF-4C2A-9E68-24EB9145AF28,0.0
season,D89450F7-D580-4C2D-8005-468839B67B64,1.0
season,D91FFC46-AB90-4C52-96A3-A033D3674C68,1.0
season,D95BCE66-4F20-435D-86F4-A2F2395EA2FC,1.0
season,D9685704-FF7B-40BF-9CAF-F0D959CFD97E,0.4444444444444444
season,D96FEE38-2F61-408F-8670-12F93D9633C3,1.0
season,D9D02798-D90B-4B4E-B190-2AC07F99A7EA,0.0
season,DA25F726-7545-4236-9F66-8A0F056C4FF5,1.0
season,DA519FA4-C81C-4948-9894-78FE6AA630AD,1.0
season,DA96CE0E-452D-442E-833B-FACE63AE94AF,0.4
season,DB074AFA-AD51-477D-889D-E2189A0A1391,1.0
season,DB6547BD-DCE8-4E29-9842-66807349060B,1.0
season,DB9B92C3-D477-4DEC-B2CF-331B634773B8,0.0
season,DBE1C80A-0571-41B3-9CC8-EB97D07E65BE,1.0
season,DC2D38E6-FB13-46A1-A157-E6C414DB19BF,1.0
season,DC38FE81-0897-45DB-BFB6-B4B4CA879F6E,0.0
season,DC3B85DB-71DF-4FE7-BB5D-6CDBD9C43D1C,1.0
season,DC55CA61-8BBB-4C8E-AF4E-AC7BFB6CAE9A,1.0
season,DC69C621-DC68-4DDD-85FA-D8ED4780EE57,1.0
season,DC874738-7F86-4DE9-A45A-91604077AF6C,1.0
season,DC8B2489-FCD1-4D94-9606-A7F35495AC3E,0.3333333333333333
season,DCBD5D44-5387-4948-9C6C-E6C87B06EB35,0.0
season,DD0A95E5-1A0F-4A65-B85B-4103DA48D1CB,0.3333333333333333
season,DD466A42-5727-4420-A1B4-22710081661F,1.0
season,DD4CB9A9-92E1-4C05-BD17-9F06E4BF1BE1,1.0
season,DD95A50B-E23D-4AA0-9E0F-910B9F04D4AB,0.5416666666666666
season,DDE65D9C-086B-4B80-80DF-0B7D4DF0C309,0.3333333333333333
season,DE16486E-1E9D-4483-BDBF-6DD4AA823474,1.0
season,DE3D7AEF-F629-4B2B-925C-97436BFDA4B4,1.0
season,DE3EEF11-DF0B-4B7C-8913-9CD64A7ECC7E,1.0
season,DE52785A-CE0F-499A-8FEF-B93243C6559C,0.0
season,DE677FB9-3CA4-4357-9A9B-1685CFBD69FA,1.0
season,DE6A9450-5577-46A6-B6E8-DA8C0ABBFB53,0.14285714285714285
season,DE983A98-A04B-4245-837E-3526F9614817,1.0
season,DE9A542F-2BB3-442A-9538-8F1763B43EA4,1.0
season,DE9F36FE-3D86-49EE-BCC8-06619DE92EED,0.0
season,DEA87C6A-E8FB-475A-A75C-5A6A09792FD0,1.0
season,DEC32D21-C10C-4A4F-9F20-C16B9B7283E0,0.0
season,DED51ADA-CD15-440A-ACAF-661D78620E16,0.3333333333333333
season,DED81E6D-AF7D-490E-8A54-4AFA204337AC,0.0
season,DEEAD252-E99B-4BF4-A95D-0A605EF29952,1.0
season,DEFFA945-2C77-46CD-AE50-AFE3AE95036A,0.3333333333333333
season,DF1C1D9F-871B-4A56-9FE0-D3F598CD660A,1.0
season,DF37D94B-0B5C-4622-8017-E99CF56E2AF1,1.0
season,DF4F3A1E-34FC-41A4-95A4-C6B327FD10F8,0.0
season,DF5C3220-4F91-4C29-9A82-E952295D5F00,1.0
season,DF625EF4-77C3-4FA7-B659-3935A2A9F407,0.0
season,DF922218-3D7A-47C4-ACFD-6B48E027FB15,1.0
season,DFA26236-37F7-416A-A9C5-7935408FBA09,0.0
season,E0140C1D-9240-4A6D-A498-63AB559420B7,0.0
season,E0254FCF-4DDA-4DD8-8A96-92910AE6AD47,1.0
season,E02F7612-B582-4B5A-AFAA-D4039E611718,1.0
season,E0321D2C-61FA-42A2-8260-4B7A27423DEC,1.0
season,E032315B-F3C4-496C-8E84-1005A05543F6,1.0
season,E03A15CF-6FEE-405B-97CF-FCB1381F1F08,1.0
season,E0581E4C-8BDC-4F81-BB8C-8E17F8E97189,0.3333333333333333
season,E06076D4-1341-4166-B5E0-356B33466817,1.0
season,E06935ED-2605-4240-9ABA-F75CA042B28D,0.0
season,E08A200C-E1CB-4530-BF8D-13F971981BDC,1.0
season,E0ED02D5-5B6B-4722-B831-BF4297C537BA,0.0
season,E1124EB6-549B-4544-9FFA-5790163E7918,1.0
season,E14D9626-C9D7-4F36-A76F-8BDF2B148447,1.0
season,E1760DFD-9CE6-41AA-9E03-BF08785BBA3A,0.0
season,E176B5FF-E339-49B5-9109-93AF2835E8A1,1.0
season,E17EFA14-D498-4E88-8FFF-CCED30A5CEBD,0.3333333333333333
season,E20B0B1A-096D-49C5-9AC4-F34FE907F948,0.4
season,E2301C7C-8785-4A2C-8D09-BBE31FC6810F,0.0
season,E2832363-F438-407A-9374-5F452673113F,1.0
season,E2ADF22F-EB40-48AB-8FD9-F176ECBB96AE,0.46153846153846156
season,E2DED5F0-16F7-440D-95D0-5F22792F91B3,0.0
season,E31D509B-4C46-42D5-97A5-3A81B79DFC8A,0.0
season,E3437077-2885-4816-AF1D-35E196B08C94,1.0
season,E3585A21-9397-4C5E-91F9-0889F4CBDB56,0.25
season,E3916D14-FD65-45E9-8986-8D8A7FFC39E4,0.0
season,E3A7AE1C-C632-4957-9590-E96C533F3BD3,1.0
season,E3B99F56-7BDA-4062-926F-9BCC0824B949,1.0
season,E3BA9805-8195-4784-9BED-5F7D9EB4894C,1.0
season,E3C84E64-2275-4EB7-9120-FB709033DC2B,1.0
season,E3D836A5-A16F-4E81-A943-90BA0A719C25,1.0
season,E41E7911-6527-4417-BF97-33F87785C634,1.0
season,E428AB55-6A16-4E8D-AC1A-D162B78C8A49,1.0
season,E42A05EE-4DC1-436E-83E4-BC60E242FAEF,1.0
season,E43EE835-A362-442F-910B-93E7EA31A3A8,1.0
season,E4563745-F62A-49E8-B59B-AAE40859534D,0.0
season,E4AA0067-2006-46EA-ADEB-C7BFB43D41D4,1.0
season,E4E12A60-CAD0-4865-B0AB-0FDD21B1D52A,1.0
season,E5288261-94BD-4AA1-A0ED-A0FCD7A4F2F1,1.0
season,E57009DF-E115-4539-B5CD-43B511B9D9B7,0.25
season,E59063C7-606A-416B-8258-277F031F7821,1.0
season,E5F0502F-6757-4124-B289-6232A9804545,1.0
season,E614F6E0-F090-4490-99BB-D05A08DB2B7B,1.0
season,E61A775E-D50B-48D4-A0AF-E88FF26269CB,0.2814814814814815
season,E663175B-4BFC-4663-BB17-31F2103BE209,1.0
season,E6A8BF45-B7B1-4803-8032-A1007E1CACFD,1.0
season,E6ADA586-C781-43E6-A4C5-91C5D0C10255,0.0
season,E6DEB889-E05B-4A23-ADF3-9F4B9F106209,1.0
season,E6F9ACFD-A966-457D-9B5A-3F146A1163CF,1.0
season,E70C14CF-4ACC-4CFC-8B63-510366E5CCF3,1.0
season,E7126F36-C911-4680-AB89-E3FECFCB6286,1.0
season,E71C39F9-07E7-4225-851A-93FFC4299DEB,1.0
season,E71DE58F-EE7C-4E2E-9031-48DDDD234E3B,0.0
season,E745F9B5-C8BF-455B-A98A-21DEB1C57756,0.3333333333333333
season,E752DC1F-35AE-4D87-8C67-DB2D9FB87352,0.0
season,E75EB11D-7045-40F3-90CD-C39737135995,1.0
season,E76F8FD2-3FF4-4014-948C-7DC0DEB6F048,0.0
season,E7B5A268-20E2-4E09-8B54-C805B8F2B1E6,1.0
season,E7DDC2EF-419E-4C1D-833B-6383EEDC3BDD,1.0
season,E7ECA44D-0F14-4EF0-99EB-96A51E7D7B2A,1.0
season,E7FB3131-0D7B-4DAF-927C-D00AD9D9D17F,0.0
season,E80E0ABD-E7AC-46E8-838A-AD683DEA7CFC,1.0
season,E85C368B-CBC6-4C35-A752-9D8F54E76731,1.0
season,E8681E2A-C52B-444C-A664-0E9AFC83C7B7,1.0
season,E8890C21-34B5-4E57-B039-0F52B9EB7C2F,0.4444444444444444
season,E8F0192B-F02A-42E3-A230-4F4496CCF809,1.0
season,E909867D-EB12-4DD3-82A3-ED29ECC3C6C7,1.0
season,E912DA29-8814-4E15-9404-D3D42CF119A1,1.0
season,E92D1048-B161-4536-9E69-9CD0FC1C7B09,1.0
season,E93A0F35-8EA0-4E14-8C58-BA142AB657EB,1.0
season,E95923B6-9709-4246-89B0-5BA30070D15B,1.0
season,E9676AB6-2445-4276-A098-09ADBFF22B3E,0.0
season,E9713446-80BC-4129-AA40-7200D77BE344,1.0
season,E9908A51-D539-419F-825A-94E96FC3D9E9,1.0
season,E9B4D092-B85A-4E7C-BC34-FAA5EDB3620C,1.0
season,E9EFB95E-84ED-4974-9157-C407E8E8E378,1.0
season,E9F674DE-8414-413D-BA45-F8D39A00BF49,1.0
season,EA0091B3-C165-4251-87F4-8640F7579408,0.0
season,EA30D5D4-E3B9-4349-B5DD-801DF60F4558,0.0
season,EA4080BA-DF15-4272-AABC-42AFAEDB3D66,1.0
season,EA41740D-6EF8-481C-950F-311FB2E67BD7,1.0
season,EA4A49D8-FC27-45F8-85F8-B8D148436D7E,1.0
season,EA95741D-08DB-4565-8B12-E29E7F93B315,0.0
season,EA9F6C63-B831-456C-8760-E728E882BDDD,1.0
season,EABD619A-0B3D-416E-B9AF-4FD97E9D0064,1.0
season,EAD09BC8-20C6-4315-8EC7-373E9D0B78B6,0.0
season,EAF28C00-D29F-463B-B4D3-229441A503EA,1.0
season,EB0A0787-84E0-42FE-8A75-0C6E21E8716D,1.0
season,EB15AD81-A95B-4143-A42B-70839433EC15,0.0
season,EB2C0021-3EBF-4835-B21C-5B77D31AD9C7,1.0
season,EB33EF6C-7807-4EFB-9391-B20273F220F9,1.0
season,EB3ACDAC-7329-4C7D-A366-3531CD21C459,1.0
season,EB95747D-7D53-4AB1-9FAE-99F92968AA01,1.0
season,EBF93F91-4A0D-411D-A028-F526FDEB3482,1.0
season,EC7AE0D1-2081-42DA-8AE3-1AC8D8EB545C,0.3333333333333333
season,EC85F5A8-5F41-4310-B2D7-6063C41FA1CA,1.0
season,EC95C86D-B04D-487F-BBE4-309B22512757,1.0
season,ECB91076-522C-44B6-B8A4-F1BD761D6E7F,0.0
season,ECBE39AE-B9EC-4296-85D5-2CC8769767AB,0.0
season,ECD1E760-CDA0-4D35-BB28-EB5C755C771C,0.0
season,ECF5398A-F756-4B3B-AA9C-3AF77987B211,0.0
season,ED1FEA85-F2AB-4251-AF13-21E95CDC3D9C,1.0
season,ED3CCFCA-037C-4F56-9B24-5B20E6B2C3E2,0.0
season,ED5A46F4-8976-4283-9019-4A4C7A2B6968,1.0
season,ED980779-0FC8-496B-95CB-00AB064A7D50,0.0
season,EDABF062-B5F9-4B17-87F0-E07C600CACC5,0.25
season,EDC44203-47FA-4D90-B89B-806E069F38D3,0.3333333333333333
season,EDE4B22C-9DCF-47C5-826E-0E7C010CF840,1.0
season,EE0D3C90-3119-4087-A2F4-35751B02CD87,0.0
season,EE2B702A-BF46-49C3-BA77-47C452D88207,1.0
season,EE318CC5-622C-46D4-86B9-81A0A98CF4A9,1.0
season,EE7733F1-DDE5-4D02-BC18-6C53CB09F79E,1.0
season,EE7B8E73-A634-4E21-A010-51C8482CB0BC,0.0
season,EE8B027D-C3A7-4573-8F07-49C06C5A336C,1.0
season,EEAAEFFE-B474-49E1-89AF-DA59101D02E5,0.0
season,EEB9FED2-77C4-4B8A-8320-EA0A54E58023,1.0
season,EEBE9EC4-EFB2-4C4C-BCC6-56D4D3D18781,0.0
season,EF1960DB-CEC5-4F96-8C4A-371C6E7E1EA2,1.0
season,EF1A39E9-4DF6-4D52-B0E3-2DAA8C0B155E,0.42105263157894735
season,EF3365FE-3398-4AB1-BC89-71704952E325,1.0
season,EF5310AA-B5CB-4832-960D-33AE428E67AA,0.0
season,EF7D378E-88C2-4971-8D59-79B05164A5B7,1.0
season,EFA6C215-61B5-4475-A640-A30EB1373979,1.0
season,EFD45DD9-C58F-42BA-BD0B-1EE2B57955B9,1.0
season,EFEC8E1D-52CF-4B5A-A751-9D15833F4335,1.0
season,EFF4880C-A0AC-4210-A89F-7FEC19CA7100,1.0
season,F000356F-751C-47E9-9483-C6B0424108D4,0.0
season,F00D4B9A-FCCD-4FB8-B56B-5EC17D51881B,1.0
season,F04BB407-BF46-4A12-AFE9-388BB43F9254,0.25
season,F0593351-42F8-4EDB-B630-65B6A19B9293,1.0
season,F0594346-2617-4017-9BB1-1E4BE5185145,1.0
season,F05F018C-9241-4326-A9C8-3A4E4CDB093B,0.0
season,F0D18560-B03C-4C40-A473-3661E2E14658,0.0
season,F11835AA-C6FB-4586-9C65-A7CD5357C71B,0.3333333333333333
season,F127B7A0-A14D-41AE-932C-A806E363F2B3,0.3333333333333333
season,F1501AAE-2C2E-4891-8489-3DEB15B0C24B,0.45
season,F173E649-AF87-47F0-9275-8A035CA53D9D,1.0
season,F17C76CE-880C-49BA-A957-34FDF4C6FF36,0.2222222222222222
season,F1842EC2-C9FA-4792-97CD-DFA8EFFF9D44,1.0
season,F193A2A4-E8DD-411D-8DE3-D2B200F42280,1.0
season,F19C1837-6A2B-4C26-9192-5F6702FAB3BB,1.0
season,F19D3445-5398-4E2D-B570-D544502900A8,0.3333333333333333
season,F1D988BA-F253-4AEB-AB96-0DCD62F8AF3B,1.0
season,F1F35BDF-CE82-4CCE-95B7-C403F3647FDF,1.0
season,F1F390C1-3C82-4EB4-A93F-393984064DA3,1.0
season,F23D0514-F135-4522-A174-580BEEAE9E29,0.0
season,F24BDEF6-9ACF-496C-AA19-BEC940088557,0.0
season,F24DA1BC-EFEA-4897-B2CA-3A71DDBA82FC,1.0
season,F2BD2AEB-C432-425B-9C76-3C066E4C100D,1.0
season,F2C6756C-4CA8-445C-B9D0-697ADFEA7B7A,1.0
season,F312BF05-A42F-4087-8451-7C932EFDC663,1.0
season,F319646B-90C5-4E27-974C-F9BFD2D16406,1.0
season,F3710BF3-CC8B-4B7D-9612-C52E65D50DFA,0.3333333333333333
season,F372AE8F-4A5E-4C10-B809-E46A782C1B6A,1.0
season,F37DF242-320D-4412-B024-AD3A039A5625,0.0
season,F3AA308E-6447-48D3-897E-47722DADD27E,1.0
season,F3F73E3F-50D4-4586-8550-229DAD521B33,0.0
season,F4371667-A725-44FD-BF5F-505F417019A0,1.0
season,F4513747-5EEF-4818-BBC1-23DAAFCACB00,1.0
season,F4577DB0-18C7-4581-9FAE-551DFF0F14EC,0.3333333333333333
season,F47D2512-0955-4EEE-902D-6706769578C5,1.0
season,F49225B9-1EE7-4B56-A9B3-4FB450E87691,0.25
season,F4BF9075-3849-442E-881C-F6EB2C2E5A0C,0.42857142857142855
season,F4C9CFF9-EF79-4690-9D20-C7BD52B08D70,1.0
season,F51AD953-4BF2-4F6F-AEB9-32E842514F26,1.0
season,F53C8315-9CCA-412A-AF4B-94B8B354F98F,0.0
season,F56C4086-4163-4457-91ED-602FA9B36B0C,0.0
season,F5701257-B63D-4EFB-9524-8AEFA4313CFE,1.0
season,F5765C42-2DA6-4127-9C51-F30E0D7FA1BF,0.0
season,F57A3BEB-E5C8-445E-8339-3EC371231A8D,1.0
season,F58E2DED-AEA3-4907-920A-46B2CC8C9F72,0.0
season,F5B09E84-B0BD-40A8-B86C-694C5FD3A481,0.0
season,F5B49300-8D05-4E4B-92FB-1B26307ED224,1.0
season,F5B80E8F-35A4-4F5E-B17F-095DD1ED551F,1.0
season,F5CA5C0F-D832-4EC3-A534-406D06BB9D66,0.42857142857142855
season,F5D0FE7B-D00C-4A68-A8A0-8DDFECC28362,1.0
season,F5D3C7BC-AF92-47A7-8071-8DDA27B58CB5,1.0
season,F5E650D8-D9C1-442B-ABE6-2EAC2FE595EE,1.0
season,F68E95A9-505F-459C-9C8F-EEF495C75BB2,1.0
season,F6913C68-B55B-4162-874D-8A558E8A8DB3,1.0
season,F69D29AD-776E-46A2-BF21-59CDCF7CD58D,0.0
season,F74E3AE8-4C2C-4EB4-BF34-4500E43CC9BC,1.0
season,F74E6254-4546-4F7C-A9BD-94D1057D1620,1.0
season,F785A654-3EC6-476C-866A-14F68E77BC29,0.0
season,F7AEB0CA-8348-4FDD-AEA0-1FC4A57DC584,0.0
season,F7BF0F83-DFFD-4FC3-B9BC-6145C8A26245,0.0
season,F7C8F106-67F8-4F25-B30A-A4868DD77450,1.0
season,F7E56F55-3DE1-43C0-B986-522B3F9361B4,1.0
season,F7F9D78D-B6AD-4301-AEA6-10DB28FEB50D,1.0
season,F81E04A5-1965-45A3-AEC6-AA51ADEEBCC0,0.0
season,F83B26F6-6D22-4EB7-B2BB-068A07A1E376,0.0
season,F845A4DB-9F2C-41A7-B700-716586F85046,1.0
season,F870BC0A-C512-46E8-B453-3FE3633382EC,1.0
season,F87A5C1B-E376-47A1-BA6D-FFE6EA24F085,1.0
season,F8A781E9-C8DA-4ABE-9D5A-DD1641C78CA8,1.0
season,F8AA76F1-FBF6-4EE2-821E-2AB8CCFD3BD7,0.4
season,F8ABE465-3D25-4569-897F-5907A23BE5E7,1.0
season,F8B790B4-800E-46A1-A492-062D7E930AC4,0.0
season,F8BB4A66-011D-4376-AC2E-8A425EAD2DA3,1.0
season,F8CB5A96-9D90-4FAD-9F9D-733CD5D47824,1.0
season,F8EABA69-B01B-4FA1-A4ED-809C3B6D7F68,1.0
season,F9025E32-01CF-4DEC-8EFC-499807E3B136,1.0
season,F926C007-3F5D-4F77-990B-1B825049CE61,1.0
season,F938E1D6-B947-4795-8FAF-628A0AE31E75,0.0
season,F946BA9F-42A2-46F5-8961-D6FE671C0A64,1.0
season,F980CD58-5481-4236-85EA-DF18DD84C06A,0.4
season,F982D162-2270-4428-B125-52BBA1AB79B5,1.0
season,F9C2603C-1064-4578-BCA6-0F72CB6199F1,1.0
season,F9DE0584-588E-4298-BDDE-37C6C0490651,1.0
season,FA145401-E9D4-439F-BE2F-A396ABDBB76C,0.8545454545454545
season,FA244428-C755-4934-9455-4C98C8312703,1.0
season,FA78E53D-DF94-491D-8CC5-5ECFC8F88EC9,1.0
season,FA9D034D-E4C5-49B9-AD64-417371424955,1.0
season,FAA32F05-CF5F-43F5-9107-A2ADC0D1A293,0.3333333333333333
season,FAA37F2F-9CB7-488D-81BF-587E05AC3AC3,1.0
season,FAA6B918-B30C-4219-962D-AE609F37CAFD,1.0
season,FADB8196-CCAE-4536-AF1B-EBBCE6F76FEA,1.0
season,FAFF0987-01D5-4583-8208-A451906919F1,0.0
season,FB070902-A00B-4567-A284-F71CCC8B2C09,1.0
season,FB2F6CB1-7ED3-4859-AC89-D59F10A07905,0.0
season,FB32F55F-9BD5-4B3D-BC47-4FC1BCAC743E,1.0
season,FB3DD476-C4F7-432C-BB9F-C4DA9755F5CF,0.0
season,FB54E180-7931-4268-A13B-0E28A6FC6843,0.0
season,FB556313-311C-42DC-879E-ED074396D5B7,1.0
season,FB9B1193-3009-4AF2-AF36-562D1FA639A9,0.0
season,FBA8DC7A-A2C7-4C94-88BE-93541D6B00EA,0.0
season,FC1C8AC1-B3CC-4640-9D1D-A467989F626F,1.0
season,FC289C9B-489B-4E4E-AEDF-024C13F989FA,1.0
season,FC34276D-A74F-4DC3-B25D-F11D435DA8A1,1.0
season,FC61035E-6CA4-4F82-B905-47F4F98B0FDC,0.0
season,FC6FDD68-26C0-4A28-A215-B83C592254A4,0.7619047619047619
season,FC98BAF2-1CE5-4577-A598-EEE61987145C,1.0
season,FCE860FC-AF43-4667-B77D-FDA242FD3DAE,0.0
season,FCFB481A-42C8-4B8F-8445-7CF1CC9E48A6,1.0
season,FCFC9A2D-0FF1-4449-A135-A97885104CA7,1.0
season,FD01AF01-CC13-4DCE-BAAE-FFFE370045AC,1.0
season,FD19E726-9161-470D-AD5F-FF60EDEE8E8A,1.0
season,FD34ECF4-94BF-4BA1-ACFA-0E1A6329CE77,1.0
season,FD4A20A1-6A52-4165-89CA-229D235F4FAB,1.0
season,FD7721A4-E7C6-44BA-926A-BEBC1E3A3382,0.4
season,FDBCF5FC-CA1C-4743-AE34-76C9615494F7,1.0
season,FDC2E6EC-9D0A-47C5-9176-3BC30F967EE4,0.0
season,FDEDBC9D-38A7-4B94-AE27-CBDDCEAAE0AE,0.0
season,FDFFE20A-DF92-4C35-80E8-8F04284F9ABC,1.0
season,FE0A5CA9-3718-4246-A746-887249B2E440,0.0
season,FE193AD2-776C-4986-BCCB-C7B6E785E8E0,1.0
season,FE37B095-5FE8-423B-A41A-F8C835A04B12,0.0
season,FE6ECAC7-9B79-4976-BDF6-26E140AF4D9C,1.0
season,FE82CE02-7BCD-483F-A313-982981B6C5B9,1.0
season,FE980482-5BDB-4E71-BC83-89DE4F5AE735,1.0
season,FEAC6923-E81C-47EE-B3CA-4241DC5B1B39,0.0
season,FEBF7EA3-2FBE-4F42-81E8-B455C6E38030,1.0
season,FEC2DA04-554F-4E11-AE4D-3E5812030AAA,0.14814814814814814
season,FF340EE3-D0EF-4BA6-BCCC-B0A31C8A552F,0.3333333333333333
season,FF43D338-2D55-40A2-A2D2-B531F7087F3C,0.0
season,FF47D418-D16B-4422-8C45-C43429C65E1B,0.0
season,FF63A200-99D3-4CA9-B476-F79A2E9AC7A3,1.0
season,FF801C5B-2485-4383-916A-9482A92D9C1C,1.0
season,FF874F69-2AAB-4100-A45F-576DF73B938D,0.0
season,FFBE6EAA-8284-4149-8AE4-08297AB1246D,1.0
season,FFC3DCCB-47BA-41FC-A7D8-900836D3C5B8,0.0
season,FFF47337-4803-46E5-9525-B27D41DBED4E,1.0
